month,payment,interest,principal,cumulative_interest,cumulative_principle,remaining_balance
1.00,55.06,17.23,37.83,17.23,37.83,5462.17
2.00,55.06,17.11,37.95,34.35,75.77,5424.23
3.00,55.06,17.00,38.06,51.34,113.84,5386.16
4.00,55.06,16.88,38.18,68.22,152.02,5347.98
5.00,55.06,16.76,38.30,84.98,190.32,5309.68
6.00,55.06,16.64,38.42,101.61,228.75,5271.25
7.00,55.06,16.52,38.54,118.13,267.29,5232.71
8.00,55.06,16.40,38.66,134.53,305.95,5194.05
9.00,55.06,16.27,38.79,150.80,344.74,5155.26
10.00,55.06,16.15,38.91,166.95,383.65,5116.35
11.00,55.06,16.03,39.03,182.99,422.67,5077.33
12.00,55.06,15.91,39.15,198.90,461.82,5038.18
13.00,55.06,15.79,39.27,214.68,501.10,4998.90
14.00,55.06,15.66,39.40,230.34,540.50,4959.50
15.00,55.06,15.54,39.52,245.88,580.02,4919.98
16.00,55.06,15.42,39.64,261.30,619.66,4880.34
17.00,55.06,15.29,39.77,276.59,659.43,4840.57
18.00,55.06,15.17,39.89,291.76,699.32,4800.68
19.00,55.06,15.04,40.02,306.80,739.34,4760.66
20.00,55.06,14.92,40.14,321.72,779.48,4720.52
21.00,55.06,14.79,40.27,336.51,819.75,4680.25
22.00,55.06,14.66,40.40,351.17,860.15,4639.85
23.00,55.06,14.54,40.52,365.71,900.67,4599.33
24.00,55.06,14.41,40.65,380.12,941.32,4558.68
25.00,55.06,14.28,40.78,394.41,982.09,4517.91
26.00,55.06,14.16,40.90,408.56,1023.00,4477.00
27.00,55.06,14.03,41.03,422.59,1064.03,4435.97
28.00,55.06,13.90,41.16,436.49,1105.19,4394.81
29.00,55.06,13.77,41.29,450.26,1146.48,4353.52
30.00,55.06,13.64,41.42,463.90,1187.90,4312.10
31.00,55.06,13.51,41.55,477.41,1229.45,4270.55
32.00,55.06,13.38,41.68,490.79,1271.13,4228.87
33.00,55.06,13.25,41.81,504.04,1312.94,4187.06
34.00,55.06,13.12,41.94,517.16,1354.88,4145.12
35.00,55.06,12.99,42.07,530.15,1396.95,4103.05
36.00,55.06,12.86,42.20,543.01,1439.15,4060.85
37.00,55.06,12.72,42.34,555.73,1481.49,4018.51
38.00,55.06,12.59,42.47,568.32,1523.96,3976.04
39.00,55.06,12.46,42.60,580.78,1566.56,3933.44
40.00,55.06,12.32,42.74,593.11,1609.29,3890.71
41.00,55.06,12.19,42.87,605.30,1652.16,3847.84
42.00,55.06,12.06,43.00,617.35,1695.17,3804.83
43.00,55.06,11.92,43.14,629.28,1738.30,3761.70
44.00,55.06,11.79,43.27,641.06,1781.58,3718.42
45.00,55.06,11.65,43.41,652.71,1824.99,3675.01
46.00,55.06,11.52,43.54,664.23,1868.53,3631.47
47.00,55.06,11.38,43.68,675.61,1912.21,3587.79
48.00,55.06,11.24,43.82,686.85,1956.03,3543.97
49.00,55.06,11.10,43.96,697.95,1999.99,3500.01
50.00,55.06,10.97,44.09,708.92,2044.08,3455.92
51.00,55.06,10.83,44.23,719.75,2088.31,3411.69
52.00,55.06,10.69,44.37,730.44,2132.68,3367.32
53.00,55.06,10.55,44.51,740.99,2177.19,3322.81
54.00,55.06,10.41,44.65,751.40,2221.84,3278.16
55.00,55.06,10.27,44.79,761.67,2266.63,3233.37
56.00,55.06,10.13,44.93,771.80,2311.56,3188.44
57.00,55.06,9.99,45.07,781.79,2356.63,3143.37
58.00,55.06,9.85,45.21,791.64,2401.84,3098.16
59.00,55.06,9.71,45.35,801.35,2447.19,3052.81
60.00,55.06,9.57,45.49,810.92,2492.68,3007.32
61.00,55.06,9.42,45.64,820.34,2538.32,2961.68
62.00,55.06,9.28,45.78,829.62,2584.10,2915.90
63.00,55.06,9.14,45.92,838.76,2630.02,2869.98
64.00,55.06,8.99,46.07,847.75,2676.09,2823.91
65.00,55.06,8.85,46.21,856.60,2722.30,2777.70
66.00,55.06,8.70,46.36,865.30,2768.66,2731.34
67.00,55.06,8.56,46.50,873.86,2815.16,2684.84
68.00,55.06,8.41,46.65,882.27,2861.81,2638.19
69.00,55.06,8.27,46.79,890.54,2908.60,2591.40
70.00,55.06,8.12,46.94,898.66,2955.54,2544.46
71.00,55.06,7.97,47.09,906.63,3002.63,2497.37
72.00,55.06,7.83,47.23,914.46,3049.86,2450.14
73.00,55.06,7.68,47.38,922.13,3097.25,2402.75
74.00,55.06,7.53,47.53,929.66,3144.78,2355.22
75.00,55.06,7.38,47.68,937.04,3192.46,2307.54
76.00,55.06,7.23,47.83,944.27,3240.29,2259.71
77.00,55.06,7.08,47.98,951.35,3288.27,2211.73
78.00,55.06,6.93,48.13,958.28,3336.40,2163.60
79.00,55.06,6.78,48.28,965.06,3384.68,2115.32
80.00,55.06,6.63,48.43,971.69,3433.11,2066.89
81.00,55.06,6.48,48.58,978.16,3481.70,2018.30
82.00,55.06,6.32,48.74,984.49,3530.43,1969.57
83.00,55.06,6.17,48.89,990.66,3579.32,1920.68
84.00,55.06,6.02,49.04,996.68,3628.36,1871.64
85.00,55.06,5.86,49.20,1002.54,3677.56,1822.44
86.00,55.06,5.71,49.35,1008.25,3726.91,1773.09
87.00,55.06,5.56,49.50,1013.81,3776.41,1723.59
88.00,55.06,5.40,49.66,1019.21,3826.07,1673.93
89.00,55.06,5.24,49.82,1024.45,3875.89,1624.11
90.00,55.06,5.09,49.97,1029.54,3925.86,1574.14
91.00,55.06,4.93,50.13,1034.48,3975.98,1524.02
92.00,55.06,4.78,50.28,1039.25,4026.27,1473.73
93.00,55.06,4.62,50.44,1043.87,4076.71,1423.29
94.00,55.06,4.46,50.60,1048.33,4127.31,1372.69
95.00,55.06,4.30,50.76,1052.63,4178.07,1321.93
96.00,55.06,4.14,50.92,1056.77,4228.99,1271.01
97.00,55.06,3.98,51.08,1060.75,4280.07,1219.93
98.00,55.06,3.82,51.24,1064.58,4331.30,1168.70
99.00,55.06,3.66,51.40,1068.24,4382.70,1117.30
100.00,55.06,3.50,51.56,1071.74,4434.26,1065.74
101.00,55.06,3.34,51.72,1075.08,4485.98,1014.02
102.00,55.06,3.18,51.88,1078.26,4537.86,962.14
103.00,55.06,3.01,52.05,1081.27,4589.91,910.09
104.00,55.06,2.85,52.21,1084.12,4642.12,857.88
105.00,55.06,2.69,52.37,1086.81,4694.49,805.51
106.00,55.06,2.52,52.54,1089.33,4747.03,752.97
107.00,55.06,2.36,52.70,1091.69,4799.73,700.27
108.00,55.06,2.19,52.87,1093.89,4852.59,647.41
109.00,55.06,2.03,53.03,1095.92,4905.62,594.38
110.00,55.06,1.86,53.20,1097.78,4958.82,541.18
111.00,55.06,1.70,53.36,1099.47,5012.19,487.81
112.00,55.06,1.53,53.53,1101.00,5065.72,434.28
113.00,55.06,1.36,53.70,1102.36,5119.42,380.58
114.00,55.06,1.19,53.87,1103.56,5173.28,326.72
115.00,55.06,1.02,54.04,1104.58,5227.32,272.68
116.00,55.06,0.85,54.21,1105.43,5281.53,218.47
117.00,55.06,0.68,54.38,1106.12,5335.90,164.10
118.00,55.06,0.51,54.55,1106.63,5390.45,109.55
119.00,55.06,0.34,54.72,1106.98,5445.16,54.84
120.00,55.01,0.17,54.84,1107.15,5500.00,0.00
