date1,date2,date3,date4,date5,date6,date7,date8,pce,pop,psavert,uempmed,unemploy
1967-07-01,19670701,1967m7,Jul 1967,"July 01, 1967",01-Jul-1967,July 01 (1967),07/01/67,506.7,198712,12.6,4.5,2944
1967-08-01,19670801,1967m8,Aug 1967,"August 01, 1967",01-Aug-1967,August 01 (1967),08/01/67,509.8,198911,12.6,4.7,2945
1967-09-01,19670901,1967m9,Sep 1967,"September 01, 1967",01-Sep-1967,September 01 (1967),09/01/67,515.6,199113,11.9,4.6,2958
1967-10-01,19671001,1967m10,Oct 1967,"October 01, 1967",01-Oct-1967,October 01 (1967),10/01/67,512.2,199311,12.9,4.9,3143
1967-11-01,19671101,1967m11,Nov 1967,"November 01, 1967",01-Nov-1967,November 01 (1967),11/01/67,517.4,199498,12.8,4.7,3066
1967-12-01,19671201,1967m12,Dec 1967,"December 01, 1967",01-Dec-1967,December 01 (1967),12/01/67,525.1,199657,11.8,4.8,3018
1968-01-01,19680101,1968m1,Jan 1968,"January 01, 1968",01-Jan-1968,January 01 (1968),01/01/68,530.9,199808,11.7,5.1,2878
1968-02-01,19680201,1968m2,Feb 1968,"February 01, 1968",01-Feb-1968,February 01 (1968),02/01/68,533.6,199920,12.3,4.5,3001
1968-03-01,19680301,1968m3,Mar 1968,"March 01, 1968",01-Mar-1968,March 01 (1968),03/01/68,544.3,200056,11.7,4.1,2877
1968-04-01,19680401,1968m4,Apr 1968,"April 01, 1968",01-Apr-1968,April 01 (1968),04/01/68,544,200208,12.3,4.6,2709
1968-05-01,19680501,1968m5,May 1968,"May 01, 1968",01-May-1968,May 01 (1968),05/01/68,549.8,200361,12,4.4,2740
1968-06-01,19680601,1968m6,Jun 1968,"June 01, 1968",01-Jun-1968,June 01 (1968),06/01/68,556.3,200536,11.7,4.4,2938
1968-07-01,19680701,1968m7,Jul 1968,"July 01, 1968",01-Jul-1968,July 01 (1968),07/01/68,563.2,200706,10.7,4.5,2883
1968-08-01,19680801,1968m8,Aug 1968,"August 01, 1968",01-Aug-1968,August 01 (1968),08/01/68,567,200898,10.5,4.2,2768
1968-09-01,19680901,1968m9,Sep 1968,"September 01, 1968",01-Sep-1968,September 01 (1968),09/01/68,568.2,201095,10.6,4.6,2686
1968-10-01,19681001,1968m10,Oct 1968,"October 01, 1968",01-Oct-1968,October 01 (1968),10/01/68,571.6,201290,10.8,4.8,2689
1968-11-01,19681101,1968m11,Nov 1968,"November 01, 1968",01-Nov-1968,November 01 (1968),11/01/68,576.7,201466,10.6,4.4,2715
1968-12-01,19681201,1968m12,Dec 1968,"December 01, 1968",01-Dec-1968,December 01 (1968),12/01/68,576.5,201621,11.1,4.4,2685
1969-01-01,19690101,1969m1,Jan 1969,"January 01, 1969",01-Jan-1969,January 01 (1969),01/01/69,583.5,201760,10.3,4.4,2718
1969-02-01,19690201,1969m2,Feb 1969,"February 01, 1969",01-Feb-1969,February 01 (1969),02/01/69,588.7,201881,9.7,4.9,2692
1969-03-01,19690301,1969m3,Mar 1969,"March 01, 1969",01-Mar-1969,March 01 (1969),03/01/69,588.9,202023,10.2,4,2712
1969-04-01,19690401,1969m4,Apr 1969,"April 01, 1969",01-Apr-1969,April 01 (1969),04/01/69,593.9,202161,9.7,4,2758
1969-05-01,19690501,1969m5,May 1969,"May 01, 1969",01-May-1969,May 01 (1969),05/01/69,600.3,202331,10.1,4.2,2713
1969-06-01,19690601,1969m6,Jun 1969,"June 01, 1969",01-Jun-1969,June 01 (1969),06/01/69,600.9,202507,11.1,4.4,2816
1969-07-01,19690701,1969m7,Jul 1969,"July 01, 1969",01-Jul-1969,July 01 (1969),07/01/69,602.7,202677,11.8,4.4,2868
1969-08-01,19690801,1969m8,Aug 1969,"August 01, 1969",01-Aug-1969,August 01 (1969),08/01/69,609.9,202877,11.5,4.4,2856
1969-09-01,19690901,1969m9,Sep 1969,"September 01, 1969",01-Sep-1969,September 01 (1969),09/01/69,613.2,203090,11.6,4.7,3040
1969-10-01,19691001,1969m10,Oct 1969,"October 01, 1969",01-Oct-1969,October 01 (1969),10/01/69,618.5,203302,11.4,4.5,3049
1969-11-01,19691101,1969m11,Nov 1969,"November 01, 1969",01-Nov-1969,November 01 (1969),11/01/69,620.5,203500,11.6,4.8,2856
1969-12-01,19691201,1969m12,Dec 1969,"December 01, 1969",01-Dec-1969,December 01 (1969),12/01/69,622.8,203675,11.8,4.6,2884
1970-01-01,19700101,1970m1,Jan 1970,"January 01, 1970",01-Jan-1970,January 01 (1970),01/01/70,628.7,203849,11.8,4.6,3201
1970-02-01,19700201,1970m2,Feb 1970,"February 01, 1970",01-Feb-1970,February 01 (1970),02/01/70,634,204008,11.7,4.5,3453
1970-03-01,19700301,1970m3,Mar 1970,"March 01, 1970",01-Mar-1970,March 01 (1970),03/01/70,632.3,204156,12.4,4.6,3635
1970-04-01,19700401,1970m4,Apr 1970,"April 01, 1970",01-Apr-1970,April 01 (1970),04/01/70,636,204401,13.3,4.1,3797
1970-05-01,19700501,1970m5,May 1970,"May 01, 1970",01-May-1970,May 01 (1970),05/01/70,642.4,204607,12.4,4.7,3919
1970-06-01,19700601,1970m6,Jun 1970,"June 01, 1970",01-Jun-1970,June 01 (1970),06/01/70,646.3,204830,12.3,4.9,4071
1970-07-01,19700701,1970m7,Jul 1970,"July 01, 1970",01-Jul-1970,July 01 (1970),07/01/70,648.5,205052,13.5,5.1,4175
1970-08-01,19700801,1970m8,Aug 1970,"August 01, 1970",01-Aug-1970,August 01 (1970),08/01/70,652.9,205295,13.4,5.4,4256
1970-09-01,19700901,1970m9,Sep 1970,"September 01, 1970",01-Sep-1970,September 01 (1970),09/01/70,659.1,205540,12.9,5.2,4456
1970-10-01,19701001,1970m10,Oct 1970,"October 01, 1970",01-Oct-1970,October 01 (1970),10/01/70,658.3,205788,13.1,5.2,4591
1970-11-01,19701101,1970m11,Nov 1970,"November 01, 1970",01-Nov-1970,November 01 (1970),11/01/70,656.6,206024,13.6,5.6,4898
1970-12-01,19701201,1970m12,Dec 1970,"December 01, 1970",01-Dec-1970,December 01 (1970),12/01/70,665.6,206238,13.2,5.9,5076
1971-01-01,19710101,1971m1,Jan 1971,"January 01, 1971",01-Jan-1971,January 01 (1971),01/01/71,676.1,206466,13.3,6.2,4986
1971-02-01,19710201,1971m2,Feb 1971,"February 01, 1971",01-Feb-1971,February 01 (1971),02/01/71,679.4,206668,13.3,6.3,4903
1971-03-01,19710301,1971m3,Mar 1971,"March 01, 1971",01-Mar-1971,March 01 (1971),03/01/71,682,206855,13.5,6.4,4987
1971-04-01,19710401,1971m4,Apr 1971,"April 01, 1971",01-Apr-1971,April 01 (1971),04/01/71,688.8,207065,13.2,6.5,4959
1971-05-01,19710501,1971m5,May 1971,"May 01, 1971",01-May-1971,May 01 (1971),05/01/71,691.1,207260,13.6,6.7,4996
1971-06-01,19710601,1971m6,Jun 1971,"June 01, 1971",01-Jun-1971,June 01 (1971),06/01/71,699.8,207462,14.7,5.7,4949
1971-07-01,19710701,1971m7,Jul 1971,"July 01, 1971",01-Jul-1971,July 01 (1971),07/01/71,698.9,207661,13.8,6.2,5035
1971-08-01,19710801,1971m8,Aug 1971,"August 01, 1971",01-Aug-1971,August 01 (1971),08/01/71,704.9,207881,13.6,6.4,5134
1971-09-01,19710901,1971m9,Sep 1971,"September 01, 1971",01-Sep-1971,September 01 (1971),09/01/71,713,208114,13.3,5.8,5042
1971-10-01,19711001,1971m10,Oct 1971,"October 01, 1971",01-Oct-1971,October 01 (1971),10/01/71,715.8,208345,13.3,6.5,4954
1971-11-01,19711101,1971m11,Nov 1971,"November 01, 1971",01-Nov-1971,November 01 (1971),11/01/71,720.9,208555,13.1,6.4,5161
1971-12-01,19711201,1971m12,Dec 1971,"December 01, 1971",01-Dec-1971,December 01 (1971),12/01/71,728.4,208740,13,6.2,5154
1972-01-01,19720101,1972m1,Jan 1972,"January 01, 1972",01-Jan-1972,January 01 (1972),01/01/72,731.5,208917,12.5,6.2,5019
1972-02-01,19720201,1972m2,Feb 1972,"February 01, 1972",01-Feb-1972,February 01 (1972),02/01/72,736.2,209061,12.8,6.6,4928
1972-03-01,19720301,1972m3,Mar 1972,"March 01, 1972",01-Mar-1972,March 01 (1972),03/01/72,749.2,209212,11.8,6.6,5038
1972-04-01,19720401,1972m4,Apr 1972,"April 01, 1972",01-Apr-1972,April 01 (1972),04/01/72,752.5,209386,11.5,6.7,4959
1972-05-01,19720501,1972m5,May 1972,"May 01, 1972",01-May-1972,May 01 (1972),05/01/72,758,209545,11.7,6.6,4922
1972-06-01,19720601,1972m6,Jun 1972,"June 01, 1972",01-Jun-1972,June 01 (1972),06/01/72,761.6,209725,11.7,5.4,4923
1972-07-01,19720701,1972m7,Jul 1972,"July 01, 1972",01-Jul-1972,July 01 (1972),07/01/72,769.9,209896,11.7,6.1,4913
1972-08-01,19720801,1972m8,Aug 1972,"August 01, 1972",01-Aug-1972,August 01 (1972),08/01/72,776.3,210075,12,6,4939
1972-09-01,19720901,1972m9,Sep 1972,"September 01, 1972",01-Sep-1972,September 01 (1972),09/01/72,781.1,210278,12.2,5.6,4849
1972-10-01,19721001,1972m10,Oct 1972,"October 01, 1972",01-Oct-1972,October 01 (1972),10/01/72,794.9,210479,13,5.7,4875
1972-11-01,19721101,1972m11,Nov 1972,"November 01, 1972",01-Nov-1972,November 01 (1972),11/01/72,800.5,210656,13.6,5.7,4602
1972-12-01,19721201,1972m12,Dec 1972,"December 01, 1972",01-Dec-1972,December 01 (1972),12/01/72,806.1,210821,13.7,6.1,4543
1973-01-01,19730101,1973m1,Jan 1973,"January 01, 1973",01-Jan-1973,January 01 (1973),01/01/73,816.5,210985,12.4,5.7,4326
1973-02-01,19730201,1973m2,Feb 1973,"February 01, 1973",01-Feb-1973,February 01 (1973),02/01/73,825.8,211120,12.5,5.2,4452
1973-03-01,19730301,1973m3,Mar 1973,"March 01, 1973",01-Mar-1973,March 01 (1973),03/01/73,832.8,211254,12.7,5.5,4394
1973-04-01,19730401,1973m4,Apr 1973,"April 01, 1973",01-Apr-1973,April 01 (1973),04/01/73,835.7,211420,13.2,5,4459
1973-05-01,19730501,1973m5,May 1973,"May 01, 1973",01-May-1973,May 01 (1973),05/01/73,841.6,211577,13.2,4.9,4329
1973-06-01,19730601,1973m6,Jun 1973,"June 01, 1973",01-Jun-1973,June 01 (1973),06/01/73,844.3,211746,13.6,5,4363
1973-07-01,19730701,1973m7,Jul 1973,"July 01, 1973",01-Jul-1973,July 01 (1973),07/01/73,854.1,211909,13.2,5.2,4305
1973-08-01,19730801,1973m8,Aug 1973,"August 01, 1973",01-Aug-1973,August 01 (1973),08/01/73,853.3,212092,13.9,4.9,4305
1973-09-01,19730901,1973m9,Sep 1973,"September 01, 1973",01-Sep-1973,September 01 (1973),09/01/73,869.2,212289,13.1,5.4,4350
1973-10-01,19731001,1973m10,Oct 1973,"October 01, 1973",01-Oct-1973,October 01 (1973),10/01/73,868.2,212475,14.4,5.5,4144
1973-11-01,19731101,1973m11,Nov 1973,"November 01, 1973",01-Nov-1973,November 01 (1973),11/01/73,876.9,212634,14.4,5.1,4396
1973-12-01,19731201,1973m12,Dec 1973,"December 01, 1973",01-Dec-1973,December 01 (1973),12/01/73,876.6,212785,14.8,4.7,4489
1974-01-01,19740101,1974m1,Jan 1974,"January 01, 1974",01-Jan-1974,January 01 (1974),01/01/74,884.5,212932,14.3,5,4644
1974-02-01,19740201,1974m2,Feb 1974,"February 01, 1974",01-Feb-1974,February 01 (1974),02/01/74,889.7,213074,14.2,5.1,4731
1974-03-01,19740301,1974m3,Mar 1974,"March 01, 1974",01-Mar-1974,March 01 (1974),03/01/74,901.4,213211,13.4,4.8,4634
1974-04-01,19740401,1974m4,Apr 1974,"April 01, 1974",01-Apr-1974,April 01 (1974),04/01/74,910.8,213361,13.1,5,4618
1974-05-01,19740501,1974m5,May 1974,"May 01, 1974",01-May-1974,May 01 (1974),05/01/74,922.4,213513,12.8,4.6,4705
1974-06-01,19740601,1974m6,Jun 1974,"June 01, 1974",01-Jun-1974,June 01 (1974),06/01/74,928,213686,12.8,5.3,4927
1974-07-01,19740701,1974m7,Jul 1974,"July 01, 1974",01-Jul-1974,July 01 (1974),07/01/74,937.9,213854,12.8,5.7,5063
1974-08-01,19740801,1974m8,Aug 1974,"August 01, 1974",01-Aug-1974,August 01 (1974),08/01/74,954.8,214042,12.1,5,5022
1974-09-01,19740901,1974m9,Sep 1974,"September 01, 1974",01-Sep-1974,September 01 (1974),09/01/74,955.1,214246,12.9,5.3,5437
1974-10-01,19741001,1974m10,Oct 1974,"October 01, 1974",01-Oct-1974,October 01 (1974),10/01/74,959.2,214451,13.4,5.5,5523
1974-11-01,19741101,1974m11,Nov 1974,"November 01, 1974",01-Nov-1974,November 01 (1974),11/01/74,956.2,214625,13.8,5.2,6140
1974-12-01,19741201,1974m12,Dec 1974,"December 01, 1974",01-Dec-1974,December 01 (1974),12/01/74,961.8,214782,14,5.7,6636
1975-01-01,19750101,1975m1,Jan 1975,"January 01, 1975",01-Jan-1975,January 01 (1975),01/01/75,975.6,214931,13.2,6.3,7501
1975-02-01,19750201,1975m2,Feb 1975,"February 01, 1975",01-Feb-1975,February 01 (1975),02/01/75,989.4,215065,12.5,7.1,7520
1975-03-01,19750301,1975m3,Mar 1975,"March 01, 1975",01-Mar-1975,March 01 (1975),03/01/75,990.6,215198,12.7,7.2,7978
1975-04-01,19750401,1975m4,Apr 1975,"April 01, 1975",01-Apr-1975,April 01 (1975),04/01/75,995,215353,14.2,8.7,8210
1975-05-01,19750501,1975m5,May 1975,"May 01, 1975",01-May-1975,May 01 (1975),05/01/75,1018.9,215523,17.3,9.4,8433
1975-06-01,19750601,1975m6,Jun 1975,"June 01, 1975",01-Jun-1975,June 01 (1975),06/01/75,1026.8,215768,14.3,8.8,8220
1975-07-01,19750701,1975m7,Jul 1975,"July 01, 1975",01-Jul-1975,July 01 (1975),07/01/75,1039.8,215973,12.6,8.6,8127
1975-08-01,19750801,1975m8,Aug 1975,"August 01, 1975",01-Aug-1975,August 01 (1975),08/01/75,1047,216195,13,9.2,7928
1975-09-01,19750901,1975m9,Sep 1975,"September 01, 1975",01-Sep-1975,September 01 (1975),09/01/75,1054.8,216393,13,9.2,7923
1975-10-01,19751001,1975m10,Oct 1975,"October 01, 1975",01-Oct-1975,October 01 (1975),10/01/75,1060.9,216587,13.4,8.6,7897
1975-11-01,19751101,1975m11,Nov 1975,"November 01, 1975",01-Nov-1975,November 01 (1975),11/01/75,1075.8,216771,12.7,9.5,7794
1975-12-01,19751201,1975m12,Dec 1975,"December 01, 1975",01-Dec-1975,December 01 (1975),12/01/75,1092.1,216931,12,9,7744
1976-01-01,19760101,1976m1,Jan 1976,"January 01, 1976",01-Jan-1976,January 01 (1976),01/01/76,1107.1,217095,11.7,9,7534
1976-02-01,19760201,1976m2,Feb 1976,"February 01, 1976",01-Feb-1976,February 01 (1976),02/01/76,1107.7,217249,12.3,8.2,7326
1976-03-01,19760301,1976m3,Mar 1976,"March 01, 1976",01-Mar-1976,March 01 (1976),03/01/76,1114.9,217381,12.2,8.7,7230
1976-04-01,19760401,1976m4,Apr 1976,"April 01, 1976",01-Apr-1976,April 01 (1976),04/01/76,1125.4,217528,11.7,8.2,7330
1976-05-01,19760501,1976m5,May 1976,"May 01, 1976",01-May-1976,May 01 (1976),05/01/76,1122.7,217685,12.3,8.3,7053
1976-06-01,19760601,1976m6,Jun 1976,"June 01, 1976",01-Jun-1976,June 01 (1976),06/01/76,1140.5,217861,11.4,7.8,7322
1976-07-01,19760701,1976m7,Jul 1976,"July 01, 1976",01-Jul-1976,July 01 (1976),07/01/76,1149.6,218035,11.7,7.7,7490
1976-08-01,19760801,1976m8,Aug 1976,"August 01, 1976",01-Aug-1976,August 01 (1976),08/01/76,1158,218233,11.7,7.9,7518
1976-09-01,19760901,1976m9,Sep 1976,"September 01, 1976",01-Sep-1976,September 01 (1976),09/01/76,1168.8,218440,11.4,7.8,7380
1976-10-01,19761001,1976m10,Oct 1976,"October 01, 1976",01-Oct-1976,October 01 (1976),10/01/76,1176.8,218644,11.1,7.7,7430
1976-11-01,19761101,1976m11,Nov 1976,"November 01, 1976",01-Nov-1976,November 01 (1976),11/01/76,1189,218834,11.4,8.4,7620
1976-12-01,19761201,1976m12,Dec 1976,"December 01, 1976",01-Dec-1976,December 01 (1976),12/01/76,1211.5,219006,10.6,8,7545
1977-01-01,19770101,1977m1,Jan 1977,"January 01, 1977",01-Jan-1977,January 01 (1977),01/01/77,1215,219179,10.6,7.5,7280
1977-02-01,19770201,1977m2,Feb 1977,"February 01, 1977",01-Feb-1977,February 01 (1977),02/01/77,1231.3,219344,9.3,7.2,7443
1977-03-01,19770301,1977m3,Mar 1977,"March 01, 1977",01-Mar-1977,March 01 (1977),03/01/77,1238.3,219504,10.5,7.2,7307
1977-04-01,19770401,1977m4,Apr 1977,"April 01, 1977",01-Apr-1977,April 01 (1977),04/01/77,1247.3,219684,10.5,7.3,7059
1977-05-01,19770501,1977m5,May 1977,"May 01, 1977",01-May-1977,May 01 (1977),05/01/77,1257.1,219859,10.3,7.9,6911
1977-06-01,19770601,1977m6,Jun 1977,"June 01, 1977",01-Jun-1977,June 01 (1977),06/01/77,1263.6,220046,10.6,6.2,7134
1977-07-01,19770701,1977m7,Jul 1977,"July 01, 1977",01-Jul-1977,July 01 (1977),07/01/77,1280.5,220239,10.5,7.1,6829
1977-08-01,19770801,1977m8,Aug 1977,"August 01, 1977",01-Aug-1977,August 01 (1977),08/01/77,1285.7,220458,10.9,7,6925
1977-09-01,19770901,1977m9,Sep 1977,"September 01, 1977",01-Sep-1977,September 01 (1977),09/01/77,1294.5,220688,11.1,6.7,6751
1977-10-01,19771001,1977m10,Oct 1977,"October 01, 1977",01-Oct-1977,October 01 (1977),10/01/77,1311.4,220904,11,6.9,6763
1977-11-01,19771101,1977m11,Nov 1977,"November 01, 1977",01-Nov-1977,November 01 (1977),11/01/77,1327,221109,11.2,7,6815
1977-12-01,19771201,1977m12,Dec 1977,"December 01, 1977",01-Dec-1977,December 01 (1977),12/01/77,1336,221303,11.4,6.8,6386
1978-01-01,19780101,1978m1,Jan 1978,"January 01, 1978",01-Jan-1978,January 01 (1978),01/01/78,1329.5,221477,11.9,6.5,6489
1978-02-01,19780201,1978m2,Feb 1978,"February 01, 1978",01-Feb-1978,February 01 (1978),02/01/78,1355.1,221629,11.1,6.7,6318
1978-03-01,19780301,1978m3,Mar 1978,"March 01, 1978",01-Mar-1978,March 01 (1978),03/01/78,1377.5,221792,11,6.2,6337
1978-04-01,19780401,1978m4,Apr 1978,"April 01, 1978",01-Apr-1978,April 01 (1978),04/01/78,1396.4,221991,10.8,6.1,6180
1978-05-01,19780501,1978m5,May 1978,"May 01, 1978",01-May-1978,May 01 (1978),05/01/78,1412,222176,10.3,5.7,6127
1978-06-01,19780601,1978m6,Jun 1978,"June 01, 1978",01-Jun-1978,June 01 (1978),06/01/78,1425.8,222379,10,6,6028
1978-07-01,19780701,1978m7,Jul 1978,"July 01, 1978",01-Jul-1978,July 01 (1978),07/01/78,1426.8,222585,10.9,5.8,6309
1978-08-01,19780801,1978m8,Aug 1978,"August 01, 1978",01-Aug-1978,August 01 (1978),08/01/78,1447,222805,10.5,5.8,6080
1978-09-01,19780901,1978m9,Sep 1978,"September 01, 1978",01-Sep-1978,September 01 (1978),09/01/78,1452.9,223053,10.6,5.6,6125
1978-10-01,19781001,1978m10,Oct 1978,"October 01, 1978",01-Oct-1978,October 01 (1978),10/01/78,1466.9,223271,10.7,5.9,5947
1978-11-01,19781101,1978m11,Nov 1978,"November 01, 1978",01-Nov-1978,November 01 (1978),11/01/78,1480.6,223477,10.5,5.5,6077
1978-12-01,19781201,1978m12,Dec 1978,"December 01, 1978",01-Dec-1978,December 01 (1978),12/01/78,1496.5,223670,10.4,5.6,6228
1979-01-01,19790101,1979m1,Jan 1979,"January 01, 1979",01-Jan-1979,January 01 (1979),01/01/79,1502.4,223865,11.1,5.9,6109
1979-02-01,19790201,1979m2,Feb 1979,"February 01, 1979",01-Feb-1979,February 01 (1979),02/01/79,1517.8,224053,11.1,5.9,6173
1979-03-01,19790301,1979m3,Mar 1979,"March 01, 1979",01-Mar-1979,March 01 (1979),03/01/79,1531.2,224235,11.2,5.9,6109
1979-04-01,19790401,1979m4,Apr 1979,"April 01, 1979",01-Apr-1979,April 01 (1979),04/01/79,1538.4,224438,11,5.4,6069
1979-05-01,19790501,1979m5,May 1979,"May 01, 1979",01-May-1979,May 01 (1979),05/01/79,1558.8,224632,10.3,5.6,5840
1979-06-01,19790601,1979m6,Jun 1979,"June 01, 1979",01-Jun-1979,June 01 (1979),06/01/79,1575.7,224843,9.9,5.6,5959
1979-07-01,19790701,1979m7,Jul 1979,"July 01, 1979",01-Jul-1979,July 01 (1979),07/01/79,1586.1,225055,10.6,5.9,5996
1979-08-01,19790801,1979m8,Aug 1979,"August 01, 1979",01-Aug-1979,August 01 (1979),08/01/79,1615.6,225295,9.7,4.8,6320
1979-09-01,19790901,1979m9,Sep 1979,"September 01, 1979",01-Sep-1979,September 01 (1979),09/01/79,1633.9,225547,9.4,5.5,6190
1979-10-01,19791001,1979m10,Oct 1979,"October 01, 1979",01-Oct-1979,October 01 (1979),10/01/79,1641.6,225801,9.7,5.5,6296
1979-11-01,19791101,1979m11,Nov 1979,"November 01, 1979",01-Nov-1979,November 01 (1979),11/01/79,1657.3,226027,9.7,5.3,6238
1979-12-01,19791201,1979m12,Dec 1979,"December 01, 1979",01-Dec-1979,December 01 (1979),12/01/79,1666.3,226243,10.1,5.7,6325
1980-01-01,19800101,1980m1,Jan 1980,"January 01, 1980",01-Jan-1980,January 01 (1980),01/01/80,1697.3,226451,9.9,5.3,6683
1980-02-01,19800201,1980m2,Feb 1980,"February 01, 1980",01-Feb-1980,February 01 (1980),02/01/80,1701.4,226656,10.1,5.8,6702
1980-03-01,19800301,1980m3,Mar 1980,"March 01, 1980",01-Mar-1980,March 01 (1980),03/01/80,1708.2,226849,10.2,6,6729
1980-04-01,19800401,1980m4,Apr 1980,"April 01, 1980",01-Apr-1980,April 01 (1980),04/01/80,1695.2,227061,11.3,5.8,7358
1980-05-01,19800501,1980m5,May 1980,"May 01, 1980",01-May-1980,May 01 (1980),05/01/80,1700.1,227251,11.4,5.7,7984
1980-06-01,19800601,1980m6,Jun 1980,"June 01, 1980",01-Jun-1980,June 01 (1980),06/01/80,1718.8,227522,11.2,6.4,8098
1980-07-01,19800701,1980m7,Jul 1980,"July 01, 1980",01-Jul-1980,July 01 (1980),07/01/80,1747.1,227726,11.3,7,8363
1980-08-01,19800801,1980m8,Aug 1980,"August 01, 1980",01-Aug-1980,August 01 (1980),08/01/80,1763.8,227953,11.3,7.5,8281
1980-09-01,19800901,1980m9,Sep 1980,"September 01, 1980",01-Sep-1980,September 01 (1980),09/01/80,1780.5,228186,11.7,7.7,8021
1980-10-01,19801001,1980m10,Oct 1980,"October 01, 1980",01-Oct-1980,October 01 (1980),10/01/80,1817.1,228417,11.3,7.5,8088
1980-11-01,19801101,1980m11,Nov 1980,"November 01, 1980",01-Nov-1980,November 01 (1980),11/01/80,1826.8,228612,11.6,7.7,8023
1980-12-01,19801201,1980m12,Dec 1980,"December 01, 1980",01-Dec-1980,December 01 (1980),12/01/80,1851.7,228779,11.4,7.5,7718
1981-01-01,19810101,1981m1,Jan 1981,"January 01, 1981",01-Jan-1981,January 01 (1981),01/01/81,1870,228937,10.9,7.4,8071
1981-02-01,19810201,1981m2,Feb 1981,"February 01, 1981",01-Feb-1981,February 01 (1981),02/01/81,1884.2,229071,10.8,7.1,8051
1981-03-01,19810301,1981m3,Mar 1981,"March 01, 1981",01-Mar-1981,March 01 (1981),03/01/81,1902.9,229224,10.8,7.1,7982
1981-04-01,19810401,1981m4,Apr 1981,"April 01, 1981",01-Apr-1981,April 01 (1981),04/01/81,1904.4,229403,10.9,7.4,7869
1981-05-01,19810501,1981m5,May 1981,"May 01, 1981",01-May-1981,May 01 (1981),05/01/81,1913.8,229575,11,6.9,8174
1981-06-01,19810601,1981m6,Jun 1981,"June 01, 1981",01-Jun-1981,June 01 (1981),06/01/81,1934.5,229761,10.8,6.6,8098
1981-07-01,19810701,1981m7,Jul 1981,"July 01, 1981",01-Jul-1981,July 01 (1981),07/01/81,1942.1,229966,12.3,7.1,7863
1981-08-01,19810801,1981m8,Aug 1981,"August 01, 1981",01-Aug-1981,August 01 (1981),08/01/81,1966.6,230187,12,7.2,8036
1981-09-01,19810901,1981m9,Sep 1981,"September 01, 1981",01-Sep-1981,September 01 (1981),09/01/81,1965.5,230412,12.4,6.8,8230
1981-10-01,19811001,1981m10,Oct 1981,"October 01, 1981",01-Oct-1981,October 01 (1981),10/01/81,1963.9,230641,13,6.8,8646
1981-11-01,19811101,1981m11,Nov 1981,"November 01, 1981",01-Nov-1981,November 01 (1981),11/01/81,1970.6,230822,13.2,6.9,9029
1981-12-01,19811201,1981m12,Dec 1981,"December 01, 1981",01-Dec-1981,December 01 (1981),12/01/81,1988.8,230989,12.5,6.9,9267
1982-01-01,19820101,1982m1,Jan 1982,"January 01, 1982",01-Jan-1982,January 01 (1982),01/01/82,1997.1,231157,12.7,7.1,9397
1982-02-01,19820201,1982m2,Feb 1982,"February 01, 1982",01-Feb-1982,February 01 (1982),02/01/82,2021.2,231313,12.1,7.5,9705
1982-03-01,19820301,1982m3,Mar 1982,"March 01, 1982",01-Mar-1982,March 01 (1982),03/01/82,2024.1,231470,12.2,7.7,9895
1982-04-01,19820401,1982m4,Apr 1982,"April 01, 1982",01-Apr-1982,April 01 (1982),04/01/82,2026.3,231645,12.9,8.1,10244
1982-05-01,19820501,1982m5,May 1982,"May 01, 1982",01-May-1982,May 01 (1982),05/01/82,2044.5,231809,12.3,8.5,10335
1982-06-01,19820601,1982m6,Jun 1982,"June 01, 1982",01-Jun-1982,June 01 (1982),06/01/82,2048.1,231992,12.3,9.5,10538
1982-07-01,19820701,1982m7,Jul 1982,"July 01, 1982",01-Jul-1982,July 01 (1982),07/01/82,2072.2,232188,12.5,8.5,10849
1982-08-01,19820801,1982m8,Aug 1982,"August 01, 1982",01-Aug-1982,August 01 (1982),08/01/82,2080.1,232392,12.6,8.7,10881
1982-09-01,19820901,1982m9,Sep 1982,"September 01, 1982",01-Sep-1982,September 01 (1982),09/01/82,2104.6,232599,11.8,9.5,11217
1982-10-01,19821001,1982m10,Oct 1982,"October 01, 1982",01-Oct-1982,October 01 (1982),10/01/82,2125.8,232816,11.3,9.7,11529
1982-11-01,19821101,1982m11,Nov 1982,"November 01, 1982",01-Nov-1982,November 01 (1982),11/01/82,2149.3,232993,10.9,10,11938
1982-12-01,19821201,1982m12,Dec 1982,"December 01, 1982",01-Dec-1982,December 01 (1982),12/01/82,2161.6,233160,10.9,10.2,12051
1983-01-01,19830101,1983m1,Jan 1983,"January 01, 1983",01-Jan-1983,January 01 (1983),01/01/83,2174,233322,11.1,11.1,11534
1983-02-01,19830201,1983m2,Feb 1983,"February 01, 1983",01-Feb-1983,February 01 (1983),02/01/83,2177,233473,11.1,9.8,11545
1983-03-01,19830301,1983m3,Mar 1983,"March 01, 1983",01-Mar-1983,March 01 (1983),03/01/83,2202.8,233613,10.6,10.4,11408
1983-04-01,19830401,1983m4,Apr 1983,"April 01, 1983",01-Apr-1983,April 01 (1983),04/01/83,2226.4,233781,10.3,10.9,11268
1983-05-01,19830501,1983m5,May 1983,"May 01, 1983",01-May-1983,May 01 (1983),05/01/83,2245.9,233922,9.9,12.3,11154
1983-06-01,19830601,1983m6,Jun 1983,"June 01, 1983",01-Jun-1983,June 01 (1983),06/01/83,2276,234118,9.1,11.3,11246
1983-07-01,19830701,1983m7,Jul 1983,"July 01, 1983",01-Jul-1983,July 01 (1983),07/01/83,2304.4,234307,9.6,10.1,10548
1983-08-01,19830801,1983m8,Aug 1983,"August 01, 1983",01-Aug-1983,August 01 (1983),08/01/83,2320.4,234501,9.2,9.3,10623
1983-09-01,19830901,1983m9,Sep 1983,"September 01, 1983",01-Sep-1983,September 01 (1983),09/01/83,2334.9,234701,9.6,9.3,10282
1983-10-01,19831001,1983m10,Oct 1983,"October 01, 1983",01-Oct-1983,October 01 (1983),10/01/83,2357.6,234907,9.7,9.4,9887
1983-11-01,19831101,1983m11,Nov 1983,"November 01, 1983",01-Nov-1983,November 01 (1983),11/01/83,2366.3,235078,10.3,9.3,9499
1983-12-01,19831201,1983m12,Dec 1983,"December 01, 1983",01-Dec-1983,December 01 (1983),12/01/83,2393.6,235235,10.1,8.7,9331
1984-01-01,19840101,1984m1,Jan 1984,"January 01, 1984",01-Jan-1984,January 01 (1984),01/01/84,2419.4,235385,10,9.1,9008
1984-02-01,19840201,1984m2,Feb 1984,"February 01, 1984",01-Feb-1984,February 01 (1984),02/01/84,2403.5,235527,11.7,8.3,8791
1984-03-01,19840301,1984m3,Mar 1984,"March 01, 1984",01-Mar-1984,March 01 (1984),03/01/84,2431.6,235675,11.5,8.3,8746
1984-04-01,19840401,1984m4,Apr 1984,"April 01, 1984",01-Apr-1984,April 01 (1984),04/01/84,2457.5,235839,11.5,8.2,8762
1984-05-01,19840501,1984m5,May 1984,"May 01, 1984",01-May-1984,May 01 (1984),05/01/84,2474.5,235993,11.1,9.1,8456
1984-06-01,19840601,1984m6,Jun 1984,"June 01, 1984",01-Jun-1984,June 01 (1984),06/01/84,2495.6,236160,11.1,7.5,8226
1984-07-01,19840701,1984m7,Jul 1984,"July 01, 1984",01-Jul-1984,July 01 (1984),07/01/84,2494.6,236348,11.6,7.5,8537
1984-08-01,19840801,1984m8,Aug 1984,"August 01, 1984",01-Aug-1984,August 01 (1984),08/01/84,2512.2,236549,11.8,7.3,8519
1984-09-01,19840901,1984m9,Sep 1984,"September 01, 1984",01-Sep-1984,September 01 (1984),09/01/84,2533.8,236760,11.8,7.6,8367
1984-10-01,19841001,1984m10,Oct 1984,"October 01, 1984",01-Oct-1984,October 01 (1984),10/01/84,2531.3,236976,11.7,7.2,8381
1984-11-01,19841101,1984m11,Nov 1984,"November 01, 1984",01-Nov-1984,November 01 (1984),11/01/84,2571.4,237159,10.9,7.2,8198
1984-12-01,19841201,1984m12,Dec 1984,"December 01, 1984",01-Dec-1984,December 01 (1984),12/01/84,2582.6,237316,11.2,7.3,8358
1985-01-01,19850101,1985m1,Jan 1985,"January 01, 1985",01-Jan-1985,January 01 (1985),01/01/85,2618.8,237468,10.3,6.8,8423
1985-02-01,19850201,1985m2,Feb 1985,"February 01, 1985",01-Feb-1985,February 01 (1985),02/01/85,2640.8,237602,9.1,7.1,8321
1985-03-01,19850301,1985m3,Mar 1985,"March 01, 1985",01-Mar-1985,March 01 (1985),03/01/85,2648.5,237732,8.7,7.1,8339
1985-04-01,19850401,1985m4,Apr 1985,"April 01, 1985",01-Apr-1985,April 01 (1985),04/01/85,2659.5,237900,9.9,6.9,8395
1985-05-01,19850501,1985m5,May 1985,"May 01, 1985",01-May-1985,May 01 (1985),05/01/85,2696.4,238074,11.1,6.9,8302
1985-06-01,19850601,1985m6,Jun 1985,"June 01, 1985",01-Jun-1985,June 01 (1985),06/01/85,2689.4,238270,9.6,6.6,8460
1985-07-01,19850701,1985m7,Jul 1985,"July 01, 1985",01-Jul-1985,July 01 (1985),07/01/85,2715.7,238466,9.1,6.9,8513
1985-08-01,19850801,1985m8,Aug 1985,"August 01, 1985",01-Aug-1985,August 01 (1985),08/01/85,2752.1,238679,8.2,7.1,8196
1985-09-01,19850901,1985m9,Sep 1985,"September 01, 1985",01-Sep-1985,September 01 (1985),09/01/85,2794.7,238898,7.3,6.9,8248
1985-10-01,19851001,1985m10,Oct 1985,"October 01, 1985",01-Oct-1985,October 01 (1985),10/01/85,2755.8,239113,9.1,7.1,8298
1985-11-01,19851101,1985m11,Nov 1985,"November 01, 1985",01-Nov-1985,November 01 (1985),11/01/85,2771.1,239307,9,7,8128
1985-12-01,19851201,1985m12,Dec 1985,"December 01, 1985",01-Dec-1985,December 01 (1985),12/01/85,2811.3,239477,8.6,6.8,8138
1986-01-01,19860101,1986m1,Jan 1986,"January 01, 1986",01-Jan-1986,January 01 (1986),01/01/86,2827.1,239638,8.6,6.7,7795
1986-02-01,19860201,1986m2,Feb 1986,"February 01, 1986",01-Feb-1986,February 01 (1986),02/01/86,2820.2,239788,9.3,6.9,8402
1986-03-01,19860301,1986m3,Mar 1986,"March 01, 1986",01-Mar-1986,March 01 (1986),03/01/86,2823.6,239928,9.9,6.8,8383
1986-04-01,19860401,1986m4,Apr 1986,"April 01, 1986",01-Apr-1986,April 01 (1986),04/01/86,2835.2,240094,9.7,6.7,8364
1986-05-01,19860501,1986m5,May 1986,"May 01, 1986",01-May-1986,May 01 (1986),05/01/86,2857.5,240271,9.3,6.8,8439
1986-06-01,19860601,1986m6,Jun 1986,"June 01, 1986",01-Jun-1986,June 01 (1986),06/01/86,2861.7,240459,9.4,7,8508
1986-07-01,19860701,1986m7,Jul 1986,"July 01, 1986",01-Jul-1986,July 01 (1986),07/01/86,2881.2,240651,9.3,6.9,8319
1986-08-01,19860801,1986m8,Aug 1986,"August 01, 1986",01-Aug-1986,August 01 (1986),08/01/86,2898.6,240854,9,7.1,8135
1986-09-01,19860901,1986m9,Sep 1986,"September 01, 1986",01-Sep-1986,September 01 (1986),09/01/86,2971.8,241068,7.2,7.4,8310
1986-10-01,19861001,1986m10,Oct 1986,"October 01, 1986",01-Oct-1986,October 01 (1986),10/01/86,2932.9,241274,8.4,7,8243
1986-11-01,19861101,1986m11,Nov 1986,"November 01, 1986",01-Nov-1986,November 01 (1986),11/01/86,2928.4,241467,8.8,7.1,8159
1986-12-01,19861201,1986m12,Dec 1986,"December 01, 1986",01-Dec-1986,December 01 (1986),12/01/86,2997.1,241620,7,7.1,7883
1987-01-01,19870101,1987m1,Jan 1987,"January 01, 1987",01-Jan-1987,January 01 (1987),01/01/87,2935.5,241784,9.7,6.9,7892
1987-02-01,19870201,1987m2,Feb 1987,"February 01, 1987",01-Feb-1987,February 01 (1987),02/01/87,3001.7,241930,8.5,6.6,7865
1987-03-01,19870301,1987m3,Mar 1987,"March 01, 1987",01-Mar-1987,March 01 (1987),03/01/87,3013.3,242079,8.5,6.6,7862
1987-04-01,19870401,1987m4,Apr 1987,"April 01, 1987",01-Apr-1987,April 01 (1987),04/01/87,3038.8,242252,4.5,7.1,7542
1987-05-01,19870501,1987m5,May 1987,"May 01, 1987",01-May-1987,May 01 (1987),05/01/87,3048.4,242423,8.2,6.6,7574
1987-06-01,19870601,1987m6,Jun 1987,"June 01, 1987",01-Jun-1987,June 01 (1987),06/01/87,3072.8,242608,7.7,6.5,7398
1987-07-01,19870701,1987m7,Jul 1987,"July 01, 1987",01-Jul-1987,July 01 (1987),07/01/87,3094.7,242804,7.5,6.5,7268
1987-08-01,19870801,1987m8,Aug 1987,"August 01, 1987",01-Aug-1987,August 01 (1987),08/01/87,3130.8,243012,7.2,6.4,7261
1987-09-01,19870901,1987m9,Sep 1987,"September 01, 1987",01-Sep-1987,September 01 (1987),09/01/87,3126.5,243223,7.6,6,7102
1987-10-01,19871001,1987m10,Oct 1987,"October 01, 1987",01-Oct-1987,October 01 (1987),10/01/87,3134.5,243446,8.3,6.3,7227
1987-11-01,19871101,1987m11,Nov 1987,"November 01, 1987",01-Nov-1987,November 01 (1987),11/01/87,3144.2,243639,8.5,6.2,7035
1987-12-01,19871201,1987m12,Dec 1987,"December 01, 1987",01-Dec-1987,December 01 (1987),12/01/87,3174.1,243809,8.7,6,6936
1988-01-01,19880101,1988m1,Jan 1988,"January 01, 1988",01-Jan-1988,January 01 (1988),01/01/88,3213.7,243981,8.1,6.2,6953
1988-02-01,19880201,1988m2,Feb 1988,"February 01, 1988",01-Feb-1988,February 01 (1988),02/01/88,3221.4,244131,8.6,6.3,6929
1988-03-01,19880301,1988m3,Mar 1988,"March 01, 1988",01-Mar-1988,March 01 (1988),03/01/88,3260.5,244279,8.2,6.4,6876
1988-04-01,19880401,1988m4,Apr 1988,"April 01, 1988",01-Apr-1988,April 01 (1988),04/01/88,3263,244445,8.8,5.9,6601
1988-05-01,19880501,1988m5,May 1988,"May 01, 1988",01-May-1988,May 01 (1988),05/01/88,3293.6,244610,8.4,5.9,6779
1988-06-01,19880601,1988m6,Jun 1988,"June 01, 1988",01-Jun-1988,June 01 (1988),06/01/88,3318.5,244806,8.4,5.8,6546
1988-07-01,19880701,1988m7,Jul 1988,"July 01, 1988",01-Jul-1988,July 01 (1988),07/01/88,3342.7,245021,8.6,6.1,6605
1988-08-01,19880801,1988m8,Aug 1988,"August 01, 1988",01-Aug-1988,August 01 (1988),08/01/88,3368,245240,8.4,5.9,6843
1988-09-01,19880901,1988m9,Sep 1988,"September 01, 1988",01-Sep-1988,September 01 (1988),09/01/88,3375,245464,8.9,5.7,6604
1988-10-01,19881001,1988m10,Oct 1988,"October 01, 1988",01-Oct-1988,October 01 (1988),10/01/88,3413.7,245693,8.6,5.6,6568
1988-11-01,19881101,1988m11,Nov 1988,"November 01, 1988",01-Nov-1988,November 01 (1988),11/01/88,3430.2,245884,8.4,5.7,6537
1988-12-01,19881201,1988m12,Dec 1988,"December 01, 1988",01-Dec-1988,December 01 (1988),12/01/88,3459.7,246056,8.3,5.9,6518
1989-01-01,19890101,1989m1,Jan 1989,"January 01, 1989",01-Jan-1989,January 01 (1989),01/01/89,3483.7,246224,8.5,5.6,6682
1989-02-01,19890201,1989m2,Feb 1989,"February 01, 1989",01-Feb-1989,February 01 (1989),02/01/89,3488,246378,9,5.4,6359
1989-03-01,19890301,1989m3,Mar 1989,"March 01, 1989",01-Mar-1989,March 01 (1989),03/01/89,3498.8,246530,9.5,5.4,6205
1989-04-01,19890401,1989m4,Apr 1989,"April 01, 1989",01-Apr-1989,April 01 (1989),04/01/89,3543,246721,8.4,5.4,6468
1989-05-01,19890501,1989m5,May 1989,"May 01, 1989",01-May-1989,May 01 (1989),05/01/89,3551.8,246906,8.1,5.3,6375
1989-06-01,19890601,1989m6,Jun 1989,"June 01, 1989",01-Jun-1989,June 01 (1989),06/01/89,3566.6,247114,8.2,5.4,6577
1989-07-01,19890701,1989m7,Jul 1989,"July 01, 1989",01-Jul-1989,July 01 (1989),07/01/89,3585.7,247342,8.2,5.6,6495
1989-08-01,19890801,1989m8,Aug 1989,"August 01, 1989",01-Aug-1989,August 01 (1989),08/01/89,3620.6,247573,7.6,5,6511
1989-09-01,19890901,1989m9,Sep 1989,"September 01, 1989",01-Sep-1989,September 01 (1989),09/01/89,3621.9,247816,8.1,4.9,6590
1989-10-01,19891001,1989m10,Oct 1989,"October 01, 1989",01-Oct-1989,October 01 (1989),10/01/89,3633.6,248067,8.5,4.9,6630
1989-11-01,19891101,1989m11,Nov 1989,"November 01, 1989",01-Nov-1989,November 01 (1989),11/01/89,3643.3,248281,8.6,4.8,6725
1989-12-01,19891201,1989m12,Dec 1989,"December 01, 1989",01-Dec-1989,December 01 (1989),12/01/89,3684.2,248479,7.8,4.9,6667
1990-01-01,19900101,1990m1,Jan 1990,"January 01, 1990",01-Jan-1990,January 01 (1990),01/01/90,3730.7,248659,8,5.1,6752
1990-02-01,19900201,1990m2,Feb 1990,"February 01, 1990",01-Feb-1990,February 01 (1990),02/01/90,3728.2,248827,8.6,5.3,6651
1990-03-01,19900301,1990m3,Mar 1990,"March 01, 1990",01-Mar-1990,March 01 (1990),03/01/90,3754.9,249012,8.3,5.1,6598
1990-04-01,19900401,1990m4,Apr 1990,"April 01, 1990",01-Apr-1990,April 01 (1990),04/01/90,3770,249306,8.8,4.8,6797
1990-05-01,19900501,1990m5,May 1990,"May 01, 1990",01-May-1990,May 01 (1990),05/01/90,3775.8,249565,8.7,5.2,6742
1990-06-01,19900601,1990m6,Jun 1990,"June 01, 1990",01-Jun-1990,June 01 (1990),06/01/90,3804.5,249849,8.6,5.2,6590
1990-07-01,19900701,1990m7,Jul 1990,"July 01, 1990",01-Jul-1990,July 01 (1990),07/01/90,3821.7,250132,8.7,5.4,6922
1990-08-01,19900801,1990m8,Aug 1990,"August 01, 1990",01-Aug-1990,August 01 (1990),08/01/90,3848.3,250439,8.1,5.4,7188
1990-09-01,19900901,1990m9,Sep 1990,"September 01, 1990",01-Sep-1990,September 01 (1990),09/01/90,3870.1,250751,8.1,5.6,7368
1990-10-01,19901001,1990m10,Oct 1990,"October 01, 1990",01-Oct-1990,October 01 (1990),10/01/90,3870.6,251057,7.8,5.8,7459
1990-11-01,19901101,1990m11,Nov 1990,"November 01, 1990",01-Nov-1990,November 01 (1990),11/01/90,3871.9,251346,7.9,5.7,7764
1990-12-01,19901201,1990m12,Dec 1990,"December 01, 1990",01-Dec-1990,December 01 (1990),12/01/90,3861.3,251626,8.8,5.9,7901
1991-01-01,19910101,1991m1,Jan 1991,"January 01, 1991",01-Jan-1991,January 01 (1991),01/01/91,3841,251889,9.3,6,8015
1991-02-01,19910201,1991m2,Feb 1991,"February 01, 1991",01-Feb-1991,February 01 (1991),02/01/91,3866.7,252135,8.8,6.2,8265
1991-03-01,19910301,1991m3,Mar 1991,"March 01, 1991",01-Mar-1991,March 01 (1991),03/01/91,3913,252372,8,6.7,8586
1991-04-01,19910401,1991m4,Apr 1991,"April 01, 1991",01-Apr-1991,April 01 (1991),04/01/91,3907.1,252643,8.6,6.6,8439
1991-05-01,19910501,1991m5,May 1991,"May 01, 1991",01-May-1991,May 01 (1991),05/01/91,3933.2,252913,8.4,6.4,8736
1991-06-01,19910601,1991m6,Jun 1991,"June 01, 1991",01-Jun-1991,June 01 (1991),06/01/91,3940.5,253207,8.9,6.9,8692
1991-07-01,19910701,1991m7,Jul 1991,"July 01, 1991",01-Jul-1991,July 01 (1991),07/01/91,3966,253493,8.2,7,8586
1991-08-01,19910801,1991m8,Aug 1991,"August 01, 1991",01-Aug-1991,August 01 (1991),08/01/91,3969.1,253807,8.6,7.3,8666
1991-09-01,19910901,1991m9,Sep 1991,"September 01, 1991",01-Sep-1991,September 01 (1991),09/01/91,3984.7,254126,8.8,6.8,8722
1991-10-01,19911001,1991m10,Oct 1991,"October 01, 1991",01-Oct-1991,October 01 (1991),10/01/91,3976,254435,9.3,7.2,8842
1991-11-01,19911101,1991m11,Nov 1991,"November 01, 1991",01-Nov-1991,November 01 (1991),11/01/91,4003.6,254718,9,7.5,8931
1991-12-01,19911201,1991m12,Dec 1991,"December 01, 1991",01-Dec-1991,December 01 (1991),12/01/91,4020.5,254964,9.7,7.8,9198
1992-01-01,19920101,1992m1,Jan 1992,"January 01, 1992",01-Jan-1992,January 01 (1992),01/01/92,4084.7,255214,9.4,8.1,9283
1992-02-01,19920201,1992m2,Feb 1992,"February 01, 1992",01-Feb-1992,February 01 (1992),02/01/92,4099.5,255448,9.8,8.2,9454
1992-03-01,19920301,1992m3,Mar 1992,"March 01, 1992",01-Mar-1992,March 01 (1992),03/01/92,4117,255703,9.7,8.3,9460
1992-04-01,19920401,1992m4,Apr 1992,"April 01, 1992",01-Apr-1992,April 01 (1992),04/01/92,4131.5,255992,9.9,8.5,9415
1992-05-01,19920501,1992m5,May 1992,"May 01, 1992",01-May-1992,May 01 (1992),05/01/92,4158.4,256285,9.9,8.8,9744
1992-06-01,19920601,1992m6,Jun 1992,"June 01, 1992",01-Jun-1992,June 01 (1992),06/01/92,4177.1,256589,10.1,8.7,10040
1992-07-01,19920701,1992m7,Jul 1992,"July 01, 1992",01-Jul-1992,July 01 (1992),07/01/92,4204.8,256894,9.6,8.6,9850
1992-08-01,19920801,1992m8,Aug 1992,"August 01, 1992",01-Aug-1992,August 01 (1992),08/01/92,4220.9,257232,9.7,8.8,9787
1992-09-01,19920901,1992m9,Sep 1992,"September 01, 1992",01-Sep-1992,September 01 (1992),09/01/92,4255.3,257548,8.7,8.6,9781
1992-10-01,19921001,1992m10,Oct 1992,"October 01, 1992",01-Oct-1992,October 01 (1992),10/01/92,4284.7,257861,8,9,9398
1992-11-01,19921101,1992m11,Nov 1992,"November 01, 1992",01-Nov-1992,November 01 (1992),11/01/92,4300.5,258147,8,9,9565
1992-12-01,19921201,1992m12,Dec 1992,"December 01, 1992",01-Dec-1992,December 01 (1992),12/01/92,4336.4,258413,10.6,9.3,9557
1993-01-01,19930101,1993m1,Jan 1993,"January 01, 1993",01-Jan-1993,January 01 (1993),01/01/93,4340.7,258679,8.6,8.6,9325
1993-02-01,19930201,1993m2,Feb 1993,"February 01, 1993",01-Feb-1993,February 01 (1993),02/01/93,4355.3,258919,8.9,8.5,9183
1993-03-01,19930301,1993m3,Mar 1993,"March 01, 1993",01-Mar-1993,March 01 (1993),03/01/93,4352.5,259152,8.9,8.5,9056
1993-04-01,19930401,1993m4,Apr 1993,"April 01, 1993",01-Apr-1993,April 01 (1993),04/01/93,4393.4,259414,8.7,8.4,9110
1993-05-01,19930501,1993m5,May 1993,"May 01, 1993",01-May-1993,May 01 (1993),05/01/93,4422.4,259680,8.3,8.1,9149
1993-06-01,19930601,1993m6,Jun 1993,"June 01, 1993",01-Jun-1993,June 01 (1993),06/01/93,4440,259963,7.8,8.3,9121
1993-07-01,19930701,1993m7,Jul 1993,"July 01, 1993",01-Jul-1993,July 01 (1993),07/01/93,4468.9,260255,7.6,8.2,8930
1993-08-01,19930801,1993m8,Aug 1993,"August 01, 1993",01-Aug-1993,August 01 (1993),08/01/93,4481.1,260566,7.7,8.2,8763
1993-09-01,19930901,1993m9,Sep 1993,"September 01, 1993",01-Sep-1993,September 01 (1993),09/01/93,4511.5,260867,6.9,8.3,8714
1993-10-01,19931001,1993m10,Oct 1993,"October 01, 1993",01-Oct-1993,October 01 (1993),10/01/93,4532.8,261163,6.3,8,8750
1993-11-01,19931101,1993m11,Nov 1993,"November 01, 1993",01-Nov-1993,November 01 (1993),11/01/93,4554.1,261425,6.3,8.3,8542
1993-12-01,19931201,1993m12,Dec 1993,"December 01, 1993",01-Dec-1993,December 01 (1993),12/01/93,4571.1,261674,9.1,8.3,8477
1994-01-01,19940101,1994m1,Jan 1994,"January 01, 1994",01-Jan-1994,January 01 (1994),01/01/94,4585.1,261919,7.1,8.6,8630
1994-02-01,19940201,1994m2,Feb 1994,"February 01, 1994",01-Feb-1994,February 01 (1994),02/01/94,4632.6,262123,6.5,9.2,8583
1994-03-01,19940301,1994m3,Mar 1994,"March 01, 1994",01-Mar-1994,March 01 (1994),03/01/94,4646,262352,6.8,9.3,8470
1994-04-01,19940401,1994m4,Apr 1994,"April 01, 1994",01-Apr-1994,April 01 (1994),04/01/94,4671.1,262631,6.4,9.1,8331
1994-05-01,19940501,1994m5,May 1994,"May 01, 1994",01-May-1994,May 01 (1994),05/01/94,4669.5,262877,7.6,9.2,7915
1994-06-01,19940601,1994m6,Jun 1994,"June 01, 1994",01-Jun-1994,June 01 (1994),06/01/94,4708.9,263152,6.9,9.3,7927
1994-07-01,19940701,1994m7,Jul 1994,"July 01, 1994",01-Jul-1994,July 01 (1994),07/01/94,4720.6,263436,7,9,7946
1994-08-01,19940801,1994m8,Aug 1994,"August 01, 1994",01-Aug-1994,August 01 (1994),08/01/94,4762.6,263724,6.5,8.9,7933
1994-09-01,19940901,1994m9,Sep 1994,"September 01, 1994",01-Sep-1994,September 01 (1994),09/01/94,4775,264017,6.8,9.2,7734
1994-10-01,19941001,1994m10,Oct 1994,"October 01, 1994",01-Oct-1994,October 01 (1994),10/01/94,4812.9,264301,7.1,10,7632
1994-11-01,19941101,1994m11,Nov 1994,"November 01, 1994",01-Nov-1994,November 01 (1994),11/01/94,4825.6,264559,7,9,7375
1994-12-01,19941201,1994m12,Dec 1994,"December 01, 1994",01-Dec-1994,December 01 (1994),12/01/94,4841.6,264804,7.2,8.7,7230
1995-01-01,19950101,1995m1,Jan 1995,"January 01, 1995",01-Jan-1995,January 01 (1995),01/01/95,4851.2,265044,7.5,8,7375
1995-02-01,19950201,1995m2,Feb 1995,"February 01, 1995",01-Feb-1995,February 01 (1995),02/01/95,4850.8,265270,7.8,8.1,7187
1995-03-01,19950301,1995m3,Mar 1995,"March 01, 1995",01-Mar-1995,March 01 (1995),03/01/95,4885.4,265495,7.5,8.3,7153
1995-04-01,19950401,1995m4,Apr 1995,"April 01, 1995",01-Apr-1995,April 01 (1995),04/01/95,4890.2,265755,6.9,8.3,7645
1995-05-01,19950501,1995m5,May 1995,"May 01, 1995",01-May-1995,May 01 (1995),05/01/95,4933.1,265998,7.1,9.1,7430
1995-06-01,19950601,1995m6,Jun 1995,"June 01, 1995",01-Jun-1995,June 01 (1995),06/01/95,4977.5,266270,6.7,7.9,7427
1995-07-01,19950701,1995m7,Jul 1995,"July 01, 1995",01-Jul-1995,July 01 (1995),07/01/95,4970.2,266557,7.1,8.5,7527
1995-08-01,19950801,1995m8,Aug 1995,"August 01, 1995",01-Aug-1995,August 01 (1995),08/01/95,5005.3,266843,6.7,8.3,7484
1995-09-01,19950901,1995m9,Sep 1995,"September 01, 1995",01-Sep-1995,September 01 (1995),09/01/95,5020.5,267152,6.8,7.9,7478
1995-10-01,19951001,1995m10,Oct 1995,"October 01, 1995",01-Oct-1995,October 01 (1995),10/01/95,5013.9,267456,7.1,8.2,7328
1995-11-01,19951101,1995m11,Nov 1995,"November 01, 1995",01-Nov-1995,November 01 (1995),11/01/95,5055.6,267715,6.6,8,7426
1995-12-01,19951201,1995m12,Dec 1995,"December 01, 1995",01-Dec-1995,December 01 (1995),12/01/95,5097.5,267943,6.1,8.3,7423
1996-01-01,19960101,1996m1,Jan 1996,"January 01, 1996",01-Jan-1996,January 01 (1996),01/01/96,5085.7,268151,6.7,8.3,7491
1996-02-01,19960201,1996m2,Feb 1996,"February 01, 1996",01-Feb-1996,February 01 (1996),02/01/96,5132.8,268364,6.7,7.8,7313
1996-03-01,19960301,1996m3,Mar 1996,"March 01, 1996",01-Mar-1996,March 01 (1996),03/01/96,5173.3,268595,6.6,8.3,7318
1996-04-01,19960401,1996m4,Apr 1996,"April 01, 1996",01-Apr-1996,April 01 (1996),04/01/96,5208,268853,5.7,8.6,7415
1996-05-01,19960501,1996m5,May 1996,"May 01, 1996",01-May-1996,May 01 (1996),05/01/96,5223.8,269108,6.7,8.6,7423
1996-06-01,19960601,1996m6,Jun 1996,"June 01, 1996",01-Jun-1996,June 01 (1996),06/01/96,5229.8,269386,7.1,8.3,7095
1996-07-01,19960701,1996m7,Jul 1996,"July 01, 1996",01-Jul-1996,July 01 (1996),07/01/96,5251.9,269667,6.7,8.3,7337
1996-08-01,19960801,1996m8,Aug 1996,"August 01, 1996",01-Aug-1996,August 01 (1996),08/01/96,5275,269976,6.6,8.4,6882
1996-09-01,19960901,1996m9,Sep 1996,"September 01, 1996",01-Sep-1996,September 01 (1996),09/01/96,5296.6,270284,6.7,8.5,6979
1996-10-01,19961001,1996m10,Oct 1996,"October 01, 1996",01-Oct-1996,October 01 (1996),10/01/96,5328.5,270581,6.4,8.3,7031
1996-11-01,19961101,1996m11,Nov 1996,"November 01, 1996",01-Nov-1996,November 01 (1996),11/01/96,5351.2,270878,6.4,7.7,7236
1996-12-01,19961201,1996m12,Dec 1996,"December 01, 1996",01-Dec-1996,December 01 (1996),12/01/96,5378.6,271125,6.4,7.8,7253
1997-01-01,19970101,1997m1,Jan 1997,"January 01, 1997",01-Jan-1997,January 01 (1997),01/01/97,5411.1,271360,6.2,7.8,7158
1997-02-01,19970201,1997m2,Feb 1997,"February 01, 1997",01-Feb-1997,February 01 (1997),02/01/97,5434,271585,6.2,8.1,7102
1997-03-01,19970301,1997m3,Mar 1997,"March 01, 1997",01-Mar-1997,March 01 (1997),03/01/97,5454.2,271821,6.4,7.9,7000
1997-04-01,19970401,1997m4,Apr 1997,"April 01, 1997",01-Apr-1997,April 01 (1997),04/01/97,5459.3,272083,6.5,8.3,6873
1997-05-01,19970501,1997m5,May 1997,"May 01, 1997",01-May-1997,May 01 (1997),05/01/97,5460.2,272342,6.8,8,6655
1997-06-01,19970601,1997m6,Jun 1997,"June 01, 1997",01-Jun-1997,June 01 (1997),06/01/97,5494.2,272622,6.6,8,6799
1997-07-01,19970701,1997m7,Jul 1997,"July 01, 1997",01-Jul-1997,July 01 (1997),07/01/97,5548.8,272912,6.1,8.3,6655
1997-08-01,19970801,1997m8,Aug 1997,"August 01, 1997",01-Aug-1997,August 01 (1997),08/01/97,5587,273237,6,7.8,6608
1997-09-01,19970901,1997m9,Sep 1997,"September 01, 1997",01-Sep-1997,September 01 (1997),09/01/97,5601.7,273553,6.2,8.2,6656
1997-10-01,19971001,1997m10,Oct 1997,"October 01, 1997",01-Oct-1997,October 01 (1997),10/01/97,5637.7,273852,6.2,7.7,6454
1997-11-01,19971101,1997m11,Nov 1997,"November 01, 1997",01-Nov-1997,November 01 (1997),11/01/97,5661.1,274126,6.4,7.6,6308
1997-12-01,19971201,1997m12,Dec 1997,"December 01, 1997",01-Dec-1997,December 01 (1997),12/01/97,5692.1,274372,6.4,7.5,6476
1998-01-01,19980101,1998m1,Jan 1998,"January 01, 1998",01-Jan-1998,January 01 (1998),01/01/98,5689.9,274626,7.4,7.4,6368
1998-02-01,19980201,1998m2,Feb 1998,"February 01, 1998",01-Feb-1998,February 01 (1998),02/01/98,5723.8,274838,7.4,7,6306
1998-03-01,19980301,1998m3,Mar 1998,"March 01, 1998",01-Mar-1998,March 01 (1998),03/01/98,5750.3,275047,7.5,6.8,6422
1998-04-01,19980401,1998m4,Apr 1998,"April 01, 1998",01-Apr-1998,April 01 (1998),04/01/98,5788.1,275304,7.2,6.7,5941
1998-05-01,19980501,1998m5,May 1998,"May 01, 1998",01-May-1998,May 01 (1998),05/01/98,5837.9,275564,6.9,6,6047
1998-06-01,19980601,1998m6,Jun 1998,"June 01, 1998",01-Jun-1998,June 01 (1998),06/01/98,5871.7,275836,6.8,6.9,6212
1998-07-01,19980701,1998m7,Jul 1998,"July 01, 1998",01-Jul-1998,July 01 (1998),07/01/98,5890,276115,6.9,6.7,6259
1998-08-01,19980801,1998m8,Aug 1998,"August 01, 1998",01-Aug-1998,August 01 (1998),08/01/98,5925,276418,6.8,6.8,6179
1998-09-01,19980901,1998m9,Sep 1998,"September 01, 1998",01-Sep-1998,September 01 (1998),09/01/98,5965.6,276714,6.4,6.7,6300
1998-10-01,19981001,1998m10,Oct 1998,"October 01, 1998",01-Oct-1998,October 01 (1998),10/01/98,5998.8,277003,6.2,5.8,6280
1998-11-01,19981101,1998m11,Nov 1998,"November 01, 1998",01-Nov-1998,November 01 (1998),11/01/98,6015.4,277277,6.3,6.6,6100
1998-12-01,19981201,1998m12,Dec 1998,"December 01, 1998",01-Dec-1998,December 01 (1998),12/01/98,6070.5,277526,5.8,6.8,6032
1999-01-01,19990101,1999m1,Jan 1999,"January 01, 1999",01-Jan-1999,January 01 (1999),01/01/99,6072.9,277790,6.4,6.9,5976
1999-02-01,19990201,1999m2,Feb 1999,"February 01, 1999",01-Feb-1999,February 01 (1999),02/01/99,6101.8,277992,6.2,6.8,6111
1999-03-01,19990301,1999m3,Mar 1999,"March 01, 1999",01-Mar-1999,March 01 (1999),03/01/99,6132.9,278198,5.9,6.8,5783
1999-04-01,19990401,1999m4,Apr 1999,"April 01, 1999",01-Apr-1999,April 01 (1999),04/01/99,6196.2,278451,5.2,6.2,6004
1999-05-01,19990501,1999m5,May 1999,"May 01, 1999",01-May-1999,May 01 (1999),05/01/99,6225.7,278717,4.9,6.5,5796
1999-06-01,19990601,1999m6,Jun 1999,"June 01, 1999",01-Jun-1999,June 01 (1999),06/01/99,6254,279001,4.8,6.3,5951
1999-07-01,19990701,1999m7,Jul 1999,"July 01, 1999",01-Jul-1999,July 01 (1999),07/01/99,6281.5,279295,4.8,5.8,6025
1999-08-01,19990801,1999m8,Aug 1999,"August 01, 1999",01-Aug-1999,August 01 (1999),08/01/99,6326.5,279602,4.7,6.5,5838
1999-09-01,19990901,1999m9,Sep 1999,"September 01, 1999",01-Sep-1999,September 01 (1999),09/01/99,6378.8,279903,4.2,6,5915
1999-10-01,19991001,1999m10,Oct 1999,"October 01, 1999",01-Oct-1999,October 01 (1999),10/01/99,6402.1,280203,4.6,6.1,5778
1999-11-01,19991101,1999m11,Nov 1999,"November 01, 1999",01-Nov-1999,November 01 (1999),11/01/99,6437.9,280471,4.8,6.2,5716
1999-12-01,19991201,1999m12,Dec 1999,"December 01, 1999",01-Dec-1999,December 01 (1999),12/01/99,6538.7,280716,4.4,5.8,5653
2000-01-01,20000101,2000m1,Jan 2000,"January 01, 2000",01-Jan-2000,January 01 (2000),01/01/00,6535.3,280976,5.4,5.8,5708
2000-02-01,20000201,2000m2,Feb 2000,"February 01, 2000",01-Feb-2000,February 01 (2000),02/01/00,6619.7,281190,4.8,6.1,5858
2000-03-01,20000301,2000m3,Mar 2000,"March 01, 2000",01-Mar-2000,March 01 (2000),03/01/00,6685.8,281409,4.5,6,5733
2000-04-01,20000401,2000m4,Apr 2000,"April 01, 2000",01-Apr-2000,April 01 (2000),04/01/00,6671.1,281653,5,6.1,5481
2000-05-01,20000501,2000m5,May 2000,"May 01, 2000",01-May-2000,May 01 (2000),05/01/00,6707.6,281877,4.9,5.8,5758
2000-06-01,20000601,2000m6,Jun 2000,"June 01, 2000",01-Jun-2000,June 01 (2000),06/01/00,6743.9,282126,4.9,5.7,5651
2000-07-01,20000701,2000m7,Jul 2000,"July 01, 2000",01-Jul-2000,July 01 (2000),07/01/00,6764.1,282385,5.2,6,5747
2000-08-01,20000801,2000m8,Aug 2000,"August 01, 2000",01-Aug-2000,August 01 (2000),08/01/00,6799.1,282653,5.2,6.3,5853
2000-09-01,20000901,2000m9,Sep 2000,"September 01, 2000",01-Sep-2000,September 01 (2000),09/01/00,6882.9,282932,4.5,5.2,5625
2000-10-01,20001001,2000m10,Oct 2000,"October 01, 2000",01-Oct-2000,October 01 (2000),10/01/00,6888.2,283201,4.6,6.1,5534
2000-11-01,20001101,2000m11,Nov 2000,"November 01, 2000",01-Nov-2000,November 01 (2000),11/01/00,6902.4,283453,4.5,6.1,5639
2000-12-01,20001201,2000m12,Dec 2000,"December 01, 2000",01-Dec-2000,December 01 (2000),12/01/00,6945.7,283696,4.2,6,5634
2001-01-01,20010101,2001m1,Jan 2001,"January 01, 2001",01-Jan-2001,January 01 (2001),01/01/01,6977,283920,4.8,5.8,6023
2001-02-01,20010201,2001m2,Feb 2001,"February 01, 2001",01-Feb-2001,February 01 (2001),02/01/01,6995.8,284137,4.9,6.1,6089
2001-03-01,20010301,2001m3,Mar 2001,"March 01, 2001",01-Mar-2001,March 01 (2001),03/01/01,6987.9,284350,5.3,6.6,6141
2001-04-01,20010401,2001m4,Apr 2001,"April 01, 2001",01-Apr-2001,April 01 (2001),04/01/01,7001.2,284581,5,5.9,6271
2001-05-01,20010501,2001m5,May 2001,"May 01, 2001",01-May-2001,May 01 (2001),05/01/01,7047.1,284810,4.5,6.3,6226
2001-06-01,20010601,2001m6,Jun 2001,"June 01, 2001",01-Jun-2001,June 01 (2001),06/01/01,7060.7,285062,4.5,6,6484
2001-07-01,20010701,2001m7,Jul 2001,"July 01, 2001",01-Jul-2001,July 01 (2001),07/01/01,7072.2,285309,5.6,6.8,6583
2001-08-01,20010801,2001m8,Aug 2001,"August 01, 2001",01-Aug-2001,August 01 (2001),08/01/01,7108.9,285570,6.8,6.9,7042
2001-09-01,20010901,2001m9,Sep 2001,"September 01, 2001",01-Sep-2001,September 01 (2001),09/01/01,7012.8,285843,7,7.2,7142
2001-10-01,20011001,2001m10,Oct 2001,"October 01, 2001",01-Oct-2001,October 01 (2001),10/01/01,7208.4,286098,3.4,7.3,7694
2001-11-01,20011101,2001m11,Nov 2001,"November 01, 2001",01-Nov-2001,November 01 (2001),11/01/01,7167.9,286341,4.1,7.7,8003
2001-12-01,20011201,2001m12,Dec 2001,"December 01, 2001",01-Dec-2001,December 01 (2001),12/01/01,7147.7,286570,4.5,8.2,8258
2002-01-01,20020101,2002m1,Jan 2002,"January 01, 2002",01-Jan-2002,January 01 (2002),01/01/02,7174.3,286788,6.1,8.4,8182
2002-02-01,20020201,2002m2,Feb 2002,"February 01, 2002",01-Feb-2002,February 01 (2002),02/01/02,7218.3,286994,5.8,8.3,8215
2002-03-01,20020301,2002m3,Mar 2002,"March 01, 2002",01-Mar-2002,March 01 (2002),03/01/02,7237.2,287190,5.9,8.4,8304
2002-04-01,20020401,2002m4,Apr 2002,"April 01, 2002",01-Apr-2002,April 01 (2002),04/01/02,7305.4,287397,5.8,8.9,8599
2002-05-01,20020501,2002m5,May 2002,"May 01, 2002",01-May-2002,May 01 (2002),05/01/02,7282.7,287623,6.5,9.5,8399
2002-06-01,20020601,2002m6,Jun 2002,"June 01, 2002",01-Jun-2002,June 01 (2002),06/01/02,7318.2,287864,6.4,11,8393
2002-07-01,20020701,2002m7,Jul 2002,"July 01, 2002",01-Jul-2002,July 01 (2002),07/01/02,7380.4,288105,5.5,8.9,8390
2002-08-01,20020801,2002m8,Aug 2002,"August 01, 2002",01-Aug-2002,August 01 (2002),08/01/02,7401.5,288360,5.4,9,8304
2002-09-01,20020901,2002m9,Sep 2002,"September 01, 2002",01-Sep-2002,September 01 (2002),09/01/02,7391,288618,5.7,9.5,8251
2002-10-01,20021001,2002m10,Oct 2002,"October 01, 2002",01-Oct-2002,October 01 (2002),10/01/02,7430.7,288870,5.7,9.6,8307
2002-11-01,20021101,2002m11,Nov 2002,"November 01, 2002",01-Nov-2002,November 01 (2002),11/01/02,7459.7,289106,5.7,9.3,8520
2002-12-01,20021201,2002m12,Dec 2002,"December 01, 2002",01-Dec-2002,December 01 (2002),12/01/02,7512.8,289313,5.5,9.6,8640
2003-01-01,20030101,2003m1,Jan 2003,"January 01, 2003",01-Jan-2003,January 01 (2003),01/01/03,7533.1,289518,5.5,9.6,8520
2003-02-01,20030201,2003m2,Feb 2003,"February 01, 2003",01-Feb-2003,February 01 (2003),02/01/03,7535.9,289714,5.6,9.5,8618
2003-03-01,20030301,2003m3,Mar 2003,"March 01, 2003",01-Mar-2003,March 01 (2003),03/01/03,7598.4,289911,5.3,9.7,8588
2003-04-01,20030401,2003m4,Apr 2003,"April 01, 2003",01-Apr-2003,April 01 (2003),04/01/03,7621,290125,5.3,10.2,8842
2003-05-01,20030501,2003m5,May 2003,"May 01, 2003",01-May-2003,May 01 (2003),05/01/03,7628.1,290346,5.8,9.9,8957
2003-06-01,20030601,2003m6,Jun 2003,"June 01, 2003",01-Jun-2003,June 01 (2003),06/01/03,7678.6,290584,5.6,11.5,9266
2003-07-01,20030701,2003m7,Jul 2003,"July 01, 2003",01-Jul-2003,July 01 (2003),07/01/03,7738.2,290820,6.3,10.3,9011
2003-08-01,20030801,2003m8,Aug 2003,"August 01, 2003",01-Aug-2003,August 01 (2003),08/01/03,7834.5,291072,6,10.1,8896
2003-09-01,20030901,2003m9,Sep 2003,"September 01, 2003",01-Sep-2003,September 01 (2003),09/01/03,7835,291321,5.2,10.2,8921
2003-10-01,20031001,2003m10,Oct 2003,"October 01, 2003",01-Oct-2003,October 01 (2003),10/01/03,7845.7,291574,5.3,10.4,8732
2003-11-01,20031101,2003m11,Nov 2003,"November 01, 2003",01-Nov-2003,November 01 (2003),11/01/03,7899.6,291807,5.4,10.3,8576
2003-12-01,20031201,2003m12,Dec 2003,"December 01, 2003",01-Dec-2003,December 01 (2003),12/01/03,7929.2,292008,5.4,10.4,8317
2004-01-01,20040101,2004m1,Jan 2004,"January 01, 2004",01-Jan-2004,January 01 (2004),01/01/04,7987.4,292192,5,10.6,8370
2004-02-01,20040201,2004m2,Feb 2004,"February 01, 2004",01-Feb-2004,February 01 (2004),02/01/04,8019.8,292368,5,10.2,8167
2004-03-01,20040301,2004m3,Mar 2004,"March 01, 2004",01-Mar-2004,March 01 (2004),03/01/04,8076,292561,4.9,10.2,8491
2004-04-01,20040401,2004m4,Apr 2004,"April 01, 2004",01-Apr-2004,April 01 (2004),04/01/04,8088.6,292779,5.3,9.5,8170
2004-05-01,20040501,2004m5,May 2004,"May 01, 2004",01-May-2004,May 01 (2004),05/01/04,8163.2,292997,5.3,9.9,8212
2004-06-01,20040601,2004m6,Jun 2004,"June 01, 2004",01-Jun-2004,June 01 (2004),06/01/04,8147.2,293223,5.8,11,8286
2004-07-01,20040701,2004m7,Jul 2004,"July 01, 2004",01-Jul-2004,July 01 (2004),07/01/04,8218.9,293463,5.3,8.9,8136
2004-08-01,20040801,2004m8,Aug 2004,"August 01, 2004",01-Aug-2004,August 01 (2004),08/01/04,8253.1,293719,5.2,9.2,7990
2004-09-01,20040901,2004m9,Sep 2004,"September 01, 2004",01-Sep-2004,September 01 (2004),09/01/04,8321.1,293971,4.6,9.6,7927
2004-10-01,20041001,2004m10,Oct 2004,"October 01, 2004",01-Oct-2004,October 01 (2004),10/01/04,8374.6,294230,4.5,9.5,8061
2004-11-01,20041101,2004m11,Nov 2004,"November 01, 2004",01-Nov-2004,November 01 (2004),11/01/04,8420.6,294466,4.1,9.7,7932
2004-12-01,20041201,2004m12,Dec 2004,"December 01, 2004",01-Dec-2004,December 01 (2004),12/01/04,8481.5,294694,6.9,9.5,7934
2005-01-01,20050101,2005m1,Jan 2005,"January 01, 2005",01-Jan-2005,January 01 (2005),01/01/05,8470.2,294914,3.7,9.4,7784
2005-02-01,20050201,2005m2,Feb 2005,"February 01, 2005",01-Feb-2005,February 01 (2005),02/01/05,8529.2,295105,3.4,9.2,7980
2005-03-01,20050301,2005m3,Mar 2005,"March 01, 2005",01-Mar-2005,March 01 (2005),03/01/05,8569.5,295287,3.6,9.3,7737
2005-04-01,20050401,2005m4,Apr 2005,"April 01, 2005",01-Apr-2005,April 01 (2005),04/01/05,8645.6,295490,3.1,9,7672
2005-05-01,20050501,2005m5,May 2005,"May 01, 2005",01-May-2005,May 01 (2005),05/01/05,8643.9,295704,3.5,9.1,7651
2005-06-01,20050601,2005m6,Jun 2005,"June 01, 2005",01-Jun-2005,June 01 (2005),06/01/05,8724.8,295936,2.9,9,7524
2005-07-01,20050701,2005m7,Jul 2005,"July 01, 2005",01-Jul-2005,July 01 (2005),07/01/05,8829.5,296186,2.2,8.8,7406
2005-08-01,20050801,2005m8,Aug 2005,"August 01, 2005",01-Aug-2005,August 01 (2005),08/01/05,8832.4,296440,2.7,9.2,7345
2005-09-01,20050901,2005m9,Sep 2005,"September 01, 2005",01-Sep-2005,September 01 (2005),09/01/05,8885.8,296707,2.7,8.4,7553
2005-10-01,20051001,2005m10,Oct 2005,"October 01, 2005",01-Oct-2005,October 01 (2005),10/01/05,8926.6,296972,3.1,8.6,7453
2005-11-01,20051101,2005m11,Nov 2005,"November 01, 2005",01-Nov-2005,November 01 (2005),11/01/05,8938.5,297207,3.5,8.5,7566
2005-12-01,20051201,2005m12,Dec 2005,"December 01, 2005",01-Dec-2005,December 01 (2005),12/01/05,8969.6,297431,3.7,8.7,7279
2006-01-01,20060101,2006m1,Jan 2006,"January 01, 2006",01-Jan-2006,January 01 (2006),01/01/06,9059.8,297647,4.2,8.6,7064
2006-02-01,20060201,2006m2,Feb 2006,"February 01, 2006",01-Feb-2006,February 01 (2006),02/01/06,9090.1,297854,4.2,9.1,7184
2006-03-01,20060301,2006m3,Mar 2006,"March 01, 2006",01-Mar-2006,March 01 (2006),03/01/06,9122.1,298060,4.2,8.7,7072
2006-04-01,20060401,2006m4,Apr 2006,"April 01, 2006",01-Apr-2006,April 01 (2006),04/01/06,9174.8,298281,4,8.4,7120
2006-05-01,20060501,2006m5,May 2006,"May 01, 2006",01-May-2006,May 01 (2006),05/01/06,9215.1,298496,3.8,8.5,6980
2006-06-01,20060601,2006m6,Jun 2006,"June 01, 2006",01-Jun-2006,June 01 (2006),06/01/06,9240.8,298739,4,7.3,7001
2006-07-01,20060701,2006m7,Jul 2006,"July 01, 2006",01-Jul-2006,July 01 (2006),07/01/06,9322.6,298996,3.4,8,7175
2006-08-01,20060801,2006m8,Aug 2006,"August 01, 2006",01-Aug-2006,August 01 (2006),08/01/06,9321.8,299263,3.6,8.4,7091
2006-09-01,20060901,2006m9,Sep 2006,"September 01, 2006",01-Sep-2006,September 01 (2006),09/01/06,9354.7,299554,3.6,8,6847
2006-10-01,20061001,2006m10,Oct 2006,"October 01, 2006",01-Oct-2006,October 01 (2006),10/01/06,9373.2,299835,3.6,7.9,6727
2006-11-01,20061101,2006m11,Nov 2006,"November 01, 2006",01-Nov-2006,November 01 (2006),11/01/06,9380.2,300094,3.9,8.3,6872
2006-12-01,20061201,2006m12,Dec 2006,"December 01, 2006",01-Dec-2006,December 01 (2006),12/01/06,9469,300340,3.7,7.5,6762
2007-01-01,20070101,2007m1,Jan 2007,"January 01, 2007",01-Jan-2007,January 01 (2007),01/01/07,9516.3,300574,3.7,8.3,7116
2007-02-01,20070201,2007m2,Feb 2007,"February 01, 2007",01-Feb-2007,February 01 (2007),02/01/07,9546.8,300802,4.1,8.5,6927
2007-03-01,20070301,2007m3,Mar 2007,"March 01, 2007",01-Mar-2007,March 01 (2007),03/01/07,9585.1,301021,4.4,9.1,6731
2007-04-01,20070401,2007m4,Apr 2007,"April 01, 2007",01-Apr-2007,April 01 (2007),04/01/07,9615.7,301254,4.2,8.6,6850
2007-05-01,20070501,2007m5,May 2007,"May 01, 2007",01-May-2007,May 01 (2007),05/01/07,9651.3,301483,4,8.2,6766
2007-06-01,20070601,2007m6,Jun 2007,"June 01, 2007",01-Jun-2007,June 01 (2007),06/01/07,9667.3,301739,3.8,7.7,6979
2007-07-01,20070701,2007m7,Jul 2007,"July 01, 2007",01-Jul-2007,July 01 (2007),07/01/07,9709.6,302004,3.7,8.7,7149
2007-08-01,20070801,2007m8,Aug 2007,"August 01, 2007",01-Aug-2007,August 01 (2007),08/01/07,9753.9,302267,3.4,8.8,7067
2007-09-01,20070901,2007m9,Sep 2007,"September 01, 2007",01-Sep-2007,September 01 (2007),09/01/07,9797.9,302546,3.5,8.7,7170
2007-10-01,20071001,2007m10,Oct 2007,"October 01, 2007",01-Oct-2007,October 01 (2007),10/01/07,9827,302807,3.4,8.4,7237
2007-11-01,20071101,2007m11,Nov 2007,"November 01, 2007",01-Nov-2007,November 01 (2007),11/01/07,9897.8,303054,3.1,8.6,7240
2007-12-01,20071201,2007m12,Dec 2007,"December 01, 2007",01-Dec-2007,December 01 (2007),12/01/07,9908.4,303287,3.6,8.4,7645
2008-01-01,20080101,2008m1,Jan 2008,"January 01, 2008",01-Jan-2008,January 01 (2008),01/01/08,9930,303506,3.7,9,7685
2008-02-01,20080201,2008m2,Feb 2008,"February 01, 2008",01-Feb-2008,February 01 (2008),02/01/08,9913.4,303711,4.1,8.7,7497
2008-03-01,20080301,2008m3,Mar 2008,"March 01, 2008",01-Mar-2008,March 01 (2008),03/01/08,9959.4,303907,4,8.7,7822
2008-04-01,20080401,2008m4,Apr 2008,"April 01, 2008",01-Apr-2008,April 01 (2008),04/01/08,9996.8,304117,3.4,9.4,7637
2008-05-01,20080501,2008m5,May 2008,"May 01, 2008",01-May-2008,May 01 (2008),05/01/08,10053.8,304323,7.8,7.9,8395
2008-06-01,20080601,2008m6,Jun 2008,"June 01, 2008",01-Jun-2008,June 01 (2008),06/01/08,10107.9,304556,5.5,9,8575
2008-07-01,20080701,2008m7,Jul 2008,"July 01, 2008",01-Jul-2008,July 01 (2008),07/01/08,10104.7,304798,4.4,9.7,8937
2008-08-01,20080801,2008m8,Aug 2008,"August 01, 2008",01-Aug-2008,August 01 (2008),08/01/08,10094.7,305045,3.8,9.7,9438
2008-09-01,20080901,2008m9,Sep 2008,"September 01, 2008",01-Sep-2008,September 01 (2008),09/01/08,10043.5,305309,4.7,10.2,9494
2008-10-01,20081001,2008m10,Oct 2008,"October 01, 2008",01-Oct-2008,October 01 (2008),10/01/08,9960.3,305554,5.5,10.4,10074
2008-11-01,20081101,2008m11,Nov 2008,"November 01, 2008",01-Nov-2008,November 01 (2008),11/01/08,9820.8,305786,6.4,9.8,10538
2008-12-01,20081201,2008m12,Dec 2008,"December 01, 2008",01-Dec-2008,December 01 (2008),12/01/08,9730.7,306004,6.4,10.5,11286
2009-01-01,20090101,2009m1,Jan 2009,"January 01, 2009",01-Jan-2009,January 01 (2009),01/01/09,9783.8,306208,6.2,10.7,12058
2009-02-01,20090201,2009m2,Feb 2009,"February 01, 2009",01-Feb-2009,February 01 (2009),02/01/09,9766,306402,5.5,11.7,12898
2009-03-01,20090301,2009m3,Mar 2009,"March 01, 2009",01-Mar-2009,March 01 (2009),03/01/09,9718.5,306588,5.9,12.3,13426
2009-04-01,20090401,2009m4,Apr 2009,"April 01, 2009",01-Apr-2009,April 01 (2009),04/01/09,9724.8,306787,6.8,13.1,13853
2009-05-01,20090501,2009m5,May 2009,"May 01, 2009",01-May-2009,May 01 (2009),05/01/09,9748.9,306984,8.2,14.2,14499
2009-06-01,20090601,2009m6,Jun 2009,"June 01, 2009",01-Jun-2009,June 01 (2009),06/01/09,9806.9,307206,6.7,17.2,14707
2009-07-01,20090701,2009m7,Jul 2009,"July 01, 2009",01-Jul-2009,July 01 (2009),07/01/09,9841.7,307439,6,16,14601
2009-08-01,20090801,2009m8,Aug 2009,"August 01, 2009",01-Aug-2009,August 01 (2009),08/01/09,9961,307685,4.9,16.3,14814
2009-09-01,20090901,2009m9,Sep 2009,"September 01, 2009",01-Sep-2009,September 01 (2009),09/01/09,9883.4,307946,5.9,17.8,15009
2009-10-01,20091001,2009m10,Oct 2009,"October 01, 2009",01-Oct-2009,October 01 (2009),10/01/09,9931.9,308189,5.4,18.9,15352
2009-11-01,20091101,2009m11,Nov 2009,"November 01, 2009",01-Nov-2009,November 01 (2009),11/01/09,9940.5,308418,5.9,19.8,15219
2009-12-01,20091201,2009m12,Dec 2009,"December 01, 2009",01-Dec-2009,December 01 (2009),12/01/09,9998.9,308633,5.9,20.1,15098
2010-01-01,20100101,2010m1,Jan 2010,"January 01, 2010",01-Jan-2010,January 01 (2010),01/01/10,10001.8,308833,6.1,20,15046
2010-02-01,20100201,2010m2,Feb 2010,"February 01, 2010",01-Feb-2010,February 01 (2010),02/01/10,10030.6,309027,5.8,19.9,15113
2010-03-01,20100301,2010m3,Mar 2010,"March 01, 2010",01-Mar-2010,March 01 (2010),03/01/10,10089.1,309212,5.7,20.4,15202
2010-04-01,20100401,2010m4,Apr 2010,"April 01, 2010",01-Apr-2010,April 01 (2010),04/01/10,10112.9,309191.211,6.4,22.1,15325
2010-05-01,20100501,2010m5,May 2010,"May 01, 2010",01-May-2010,May 01 (2010),05/01/10,10131,309369.053,7,22.3,14849
2010-06-01,20100601,2010m6,Jun 2010,"June 01, 2010",01-Jun-2010,June 01 (2010),06/01/10,10151.4,309548.502,6.9,25.2,14474
2010-07-01,20100701,2010m7,Jul 2010,"July 01, 2010",01-Jul-2010,July 01 (2010),07/01/10,10184.7,309745.698,6.8,22.3,14512
2010-08-01,20100801,2010m8,Aug 2010,"August 01, 2010",01-Aug-2010,August 01 (2010),08/01/10,10228.2,309957.775,6.9,21,14648
2010-09-01,20100901,2010m9,Sep 2010,"September 01, 2010",01-Sep-2010,September 01 (2010),09/01/10,10249,310176.466,6.7,20.3,14579
2010-10-01,20101001,2010m10,Oct 2010,"October 01, 2010",01-Oct-2010,October 01 (2010),10/01/10,10304.7,310399.958,6.6,21.2,14516
2010-11-01,20101101,2010m11,Nov 2010,"November 01, 2010",01-Nov-2010,November 01 (2010),11/01/10,10354.7,310595.764,6.6,21,15081
2010-12-01,20101201,2010m12,Dec 2010,"December 01, 2010",01-Dec-2010,December 01 (2010),12/01/10,10392.1,310781.705,7.1,21.9,14348
2011-01-01,20110101,2011m1,Jan 2011,"January 01, 2011",01-Jan-2011,January 01 (2011),01/01/11,10435.5,310960.74,7.4,21.5,14013
2011-02-01,20110201,2011m2,Feb 2011,"February 01, 2011",01-Feb-2011,February 01 (2011),02/01/11,10470.1,311113.376,7.6,21.1,13820
2011-03-01,20110301,2011m3,Mar 2011,"March 01, 2011",01-Mar-2011,March 01 (2011),03/01/11,10550.5,311265.404,7,21.5,13737
2011-04-01,20110401,2011m4,Apr 2011,"April 01, 2011",01-Apr-2011,April 01 (2011),04/01/11,10587.6,311436.238,6.9,20.9,13957
2011-05-01,20110501,2011m5,May 2011,"May 01, 2011",01-May-2011,May 01 (2011),05/01/11,10612,311607.08,6.9,21.6,13855
2011-06-01,20110601,2011m6,Jun 2011,"June 01, 2011",01-Jun-2011,June 01 (2011),06/01/11,10636.8,311791.223,7.2,22.4,13962
2011-07-01,20110701,2011m7,Jul 2011,"July 01, 2011",01-Jul-2011,July 01 (2011),07/01/11,10677.5,311997.049,7.3,22,13763
2011-08-01,20110801,2011m8,Aug 2011,"August 01, 2011",01-Aug-2011,August 01 (2011),08/01/11,10700.6,312205.367,7.2,22.4,13818
2011-09-01,20110901,2011m9,Sep 2011,"September 01, 2011",01-Sep-2011,September 01 (2011),09/01/11,10738.1,312429.118,6.8,22,13948
2011-10-01,20111001,2011m10,Oct 2011,"October 01, 2011",01-Oct-2011,October 01 (2011),10/01/11,10753.1,312644.159,6.8,20.6,13594
2011-11-01,20111101,2011m11,Nov 2011,"November 01, 2011",01-Nov-2011,November 01 (2011),11/01/11,10759.5,312829.523,7,20.8,13302
2011-12-01,20111201,2011m12,Dec 2011,"December 01, 2011",01-Dec-2011,December 01 (2011),12/01/11,10772.2,313009.712,7.8,20.5,13093
2012-01-01,20120101,2012m1,Jan 2012,"January 01, 2012",01-Jan-2012,January 01 (2012),01/01/12,10862.1,313183.179,8,20.8,12797
2012-02-01,20120201,2012m2,Feb 2012,"February 01, 2012",01-Feb-2012,February 01 (2012),02/01/12,10953.5,313338.977,8,19.7,12813
2012-03-01,20120301,2012m3,Mar 2012,"March 01, 2012",01-Mar-2012,March 01 (2012),03/01/12,10951.8,313499.369,8.5,19.2,12713
2012-04-01,20120401,2012m4,Apr 2012,"April 01, 2012",01-Apr-2012,April 01 (2012),04/01/12,10979.7,313667.127,8.7,19.1,12646
2012-05-01,20120501,2012m5,May 2012,"May 01, 2012",01-May-2012,May 01 (2012),05/01/12,10968.6,313830.53,8.8,19.9,12660
2012-06-01,20120601,2012m6,Jun 2012,"June 01, 2012",01-Jun-2012,June 01 (2012),06/01/12,10946.3,314017.594,9.1,20.4,12692
2012-07-01,20120701,2012m7,Jul 2012,"July 01, 2012",01-Jul-2012,July 01 (2012),07/01/12,10977.2,314210.786,8.2,17.5,12656
2012-08-01,20120801,2012m8,Aug 2012,"August 01, 2012",01-Aug-2012,August 01 (2012),08/01/12,11004.1,314422.341,8,18.4,12471
2012-09-01,20120901,2012m9,Sep 2012,"September 01, 2012",01-Sep-2012,September 01 (2012),09/01/12,11061.5,314646.749,8.2,18.8,12115
2012-10-01,20121001,2012m10,Oct 2012,"October 01, 2012",01-Oct-2012,October 01 (2012),10/01/12,11099.8,314853.978,8.8,19.9,12124
2012-11-01,20121101,2012m11,Nov 2012,"November 01, 2012",01-Nov-2012,November 01 (2012),11/01/12,11136.8,315053.863,9.7,18.6,12005
2012-12-01,20121201,2012m12,Dec 2012,"December 01, 2012",01-Dec-2012,December 01 (2012),12/01/12,11140.5,315232.752,12,17.7,12298
2013-01-01,20130101,2013m1,Jan 2013,"January 01, 2013",01-Jan-2013,January 01 (2013),01/01/13,11202.8,315389.595,6.3,15.8,12471
2013-02-01,20130201,2013m2,Feb 2013,"February 01, 2013",01-Feb-2013,February 01 (2013),02/01/13,11239.6,315520.143,5.8,17.2,11950
2013-03-01,20130301,2013m3,Mar 2013,"March 01, 2013",01-Mar-2013,March 01 (2013),03/01/13,11227.1,315662.224,5.9,17.6,11689
2013-04-01,20130401,2013m4,Apr 2013,"April 01, 2013",01-Apr-2013,April 01 (2013),04/01/13,11205.4,315817.855,6.4,17.1,11760
2013-05-01,20130501,2013m5,May 2013,"May 01, 2013",01-May-2013,May 01 (2013),05/01/13,11244.6,315983.654,6.7,17.1,11654
2013-06-01,20130601,2013m6,Jun 2013,"June 01, 2013",01-Jun-2013,June 01 (2013),06/01/13,11268.8,316171.042,6.8,17,11751
2013-07-01,20130701,2013m7,Jul 2013,"July 01, 2013",01-Jul-2013,July 01 (2013),07/01/13,11296.7,316358.778,6.6,16.2,11335
2013-08-01,20130801,2013m8,Aug 2013,"August 01, 2013",01-Aug-2013,August 01 (2013),08/01/13,11329.2,316580.327,6.7,16.5,11279
2013-09-01,20130901,2013m9,Sep 2013,"September 01, 2013",01-Sep-2013,September 01 (2013),09/01/13,11366.9,316806.125,6.8,16.5,11270
2013-10-01,20131001,2013m10,Oct 2013,"October 01, 2013",01-Oct-2013,October 01 (2013),10/01/13,11419.8,317022.27,6.3,16.3,11136
2013-11-01,20131101,2013m11,Nov 2013,"November 01, 2013",01-Nov-2013,November 01 (2013),11/01/13,11487.6,317228.026,6.2,17.1,10787
2013-12-01,20131201,2013m12,Dec 2013,"December 01, 2013",01-Dec-2013,December 01 (2013),12/01/13,11517.9,317411.551,6.4,17.3,10404
2014-01-01,20140101,2014m1,Jan 2014,"January 01, 2014",01-Jan-2014,January 01 (2014),01/01/14,11512.5,317593.923,7.1,15.4,10202
2014-02-01,20140201,2014m2,Feb 2014,"February 01, 2014",01-Feb-2014,February 01 (2014),02/01/14,11566.2,317753.883,7.3,15.9,10349
2014-03-01,20140301,2014m3,Mar 2014,"March 01, 2014",01-Mar-2014,March 01 (2014),03/01/14,11643,317917.203,7.4,15.8,10380
2014-04-01,20140401,2014m4,Apr 2014,"April 01, 2014",01-Apr-2014,April 01 (2014),04/01/14,11702.6,318089.218,7.4,15.7,9702
2014-05-01,20140501,2014m5,May 2014,"May 01, 2014",01-May-2014,May 01 (2014),05/01/14,11748.4,318269.505,7.4,14.6,9859
2014-06-01,20140601,2014m6,Jun 2014,"June 01, 2014",01-Jun-2014,June 01 (2014),06/01/14,11817,318464.152,7.4,13.8,9460
2014-07-01,20140701,2014m7,Jul 2014,"July 01, 2014",01-Jul-2014,July 01 (2014),07/01/14,11860.5,318662.368,7.5,13.1,9608
2014-08-01,20140801,2014m8,Aug 2014,"August 01, 2014",01-Aug-2014,August 01 (2014),08/01/14,11944.3,318893.786,7.2,12.9,9599
2014-09-01,20140901,2014m9,Sep 2014,"September 01, 2014",01-Sep-2014,September 01 (2014),09/01/14,11957.4,319125.296,7.4,13.4,9262
2014-10-01,20141001,2014m10,Oct 2014,"October 01, 2014",01-Oct-2014,October 01 (2014),10/01/14,12023,319353.734,7.2,13.6,8990
2014-11-01,20141101,2014m11,Nov 2014,"November 01, 2014",01-Nov-2014,November 01 (2014),11/01/14,12051.4,319564.209,7.3,13,9090
2014-12-01,20141201,2014m12,Dec 2014,"December 01, 2014",01-Dec-2014,December 01 (2014),12/01/14,12062,319746.157,7.6,12.9,8717
2015-01-01,20150101,2015m1,Jan 2015,"January 01, 2015",01-Jan-2015,January 01 (2015),01/01/15,12046,319928.646,7.7,13.2,8903
2015-02-01,20150201,2015m2,Feb 2015,"February 01, 2015",01-Feb-2015,February 01 (2015),02/01/15,12082.4,320074.511,7.9,12.9,8610
2015-03-01,20150301,2015m3,Mar 2015,"March 01, 2015",01-Mar-2015,March 01 (2015),03/01/15,12158.3,320230.786,7.4,12,8504
2015-04-01,20150401,2015m4,Apr 2015,"April 01, 2015",01-Apr-2015,April 01 (2015),04/01/15,12193.8,320402.295,7.6,11.5,8526
