"","lunch","test_prep","math_score","reading_score","writing_score","group","totalscore"
"1","standard","none",42,49,47,"neither",138
"2","standard","completed",62,57,57,"testprep",176
"3","standard","none",47,46,45,"neither",138
"4","standard","completed",49,66,66,"testprep",181
"5","standard","none",63,49,52,"neither",164
"6","standard","none",78,72,75,"neither",225
"7","standard","none",39,50,60,"neither",149
"8","standard","none",33,43,48,"neither",124
"9","standard","none",37,41,36,"neither",114
"10","standard","none",53,62,67,"neither",182
"11","standard","completed",37,49,56,"testprep",142
"12","standard","none",64,69,66,"neither",199
"13","standard","completed",76,60,60,"testprep",196
"14","standard","none",73,77,69,"neither",219
"15","standard","none",71,72,72,"neither",215
"16","standard","completed",65,69,74,"testprep",208
"17","standard","completed",77,74,74,"testprep",225
"18","standard","completed",80,85,83,"testprep",248
"19","standard","none",44,60,64,"neither",168
"20","standard","none",38,38,46,"neither",122
"21","standard","none",37,50,52,"neither",139
"22","standard","none",49,61,68,"neither",178
"23","standard","none",44,58,65,"neither",167
"24","standard","completed",58,75,75,"testprep",208
"25","standard","none",60,68,73,"neither",201
"26","standard","none",45,49,47,"neither",141
"27","standard","completed",67,74,80,"testprep",221
"28","standard","none",58,59,61,"neither",178
"29","standard","completed",62,59,57,"testprep",178
"30","standard","completed",72,70,74,"testprep",216
"31","standard","none",68,65,66,"neither",199
"32","standard","none",51,70,73,"neither",194
"33","standard","completed",75,94,99,"testprep",268
"34","standard","none",64,69,71,"neither",204
"35","standard","completed",76,83,92,"testprep",251
"36","standard","none",55,51,59,"neither",165
"37","standard","none",73,77,87,"neither",237
"38","standard","none",45,52,55,"neither",152
"39","standard","none",34,41,43,"neither",118
"40","standard","none",68,63,65,"neither",196
"41","standard","none",34,41,41,"neither",116
"42","standard","none",51,53,53,"neither",157
"43","standard","none",59,64,63,"neither",186
"44","standard","completed",61,73,79,"testprep",213
"45","standard","none",25,31,40,"neither",96
"46","standard","none",28,44,46,"neither",118
"47","standard","none",56,75,77,"neither",208
"48","standard","completed",70,63,65,"testprep",198
"49","standard","none",65,86,83,"neither",234
"50","standard","none",55,65,59,"neither",179
"51","standard","none",67,68,75,"neither",210
"52","standard","none",56,70,77,"neither",203
"53","standard","none",31,30,34,"neither",95
"54","standard","none",51,51,52,"neither",154
"55","standard","none",54,70,75,"neither",199
"56","standard","completed",81,88,89,"testprep",258
"57","standard","none",28,53,50,"neither",131
"58","standard","completed",61,58,49,"testprep",168
"59","standard","completed",72,73,68,"testprep",213
"60","standard","none",48,49,52,"neither",149
