year,sex,race,median_weekly_earn,date
2010,Men,Asian,943.5,2010-01-01
2010,Men,Black or African American,655.5,2010-01-01
2010,Men,White,875,2010-01-01
2010,Women,Asian,767,2010-01-01
2010,Women,Black or African American,604.5,2010-01-01
2010,Women,White,711.5,2010-01-01
2011,Men,Asian,976,2011-01-01
2011,Men,Black or African American,679,2011-01-01
2011,Men,White,887.5,2011-01-01
2011,Women,Asian,739.5,2011-01-01
2011,Women,Black or African American,606.5,2011-01-01
2011,Women,White,729,2011-01-01
2012,Men,Asian,1047,2012-01-01
2012,Men,Black or African American,686.5,2012-01-01
2012,Men,White,907,2012-01-01
2012,Women,Asian,766.5,2012-01-01
2012,Women,Black or African American,609.5,2012-01-01
2012,Women,White,736,2012-01-01
2013,Men,Asian,1064,2013-01-01
2013,Men,Black or African American,686,2013-01-01
2013,Men,White,908,2013-01-01
2013,Women,Asian,811,2013-01-01
2013,Women,Black or African American,619.5,2013-01-01
2013,Women,White,745,2013-01-01
2014,Men,Asian,1077,2014-01-01
2014,Men,Black or African American,696,2014-01-01
2014,Men,White,922,2014-01-01
2014,Women,Asian,832,2014-01-01
2014,Women,Black or African American,617.5,2014-01-01
2014,Women,White,759,2014-01-01
2015,Men,Asian,1115,2015-01-01
2015,Men,Black or African American,706,2015-01-01
2015,Men,White,944,2015-01-01
2015,Women,Asian,866,2015-01-01
2015,Women,Black or African American,641.5,2015-01-01
2015,Women,White,772.5,2015-01-01
2016,Men,Asian,1156.5,2016-01-01
2016,Men,Black or African American,732,2016-01-01
2016,Men,White,967.5,2016-01-01
2016,Women,Asian,927.5,2016-01-01
2016,Women,Black or African American,660.5,2016-01-01
2016,Women,White,794,2016-01-01
2017,Men,Asian,1202.5,2017-01-01
2017,Men,Black or African American,724.5,2017-01-01
2017,Men,White,1002.5,2017-01-01
2017,Women,Asian,907.5,2017-01-01
2017,Women,Black or African American,671,2017-01-01
2017,Women,White,822.5,2017-01-01
2018,Men,Asian,1240,2018-01-01
2018,Men,Black or African American,759.5,2018-01-01
2018,Men,White,1033.5,2018-01-01
2018,Women,Asian,939,2018-01-01
2018,Women,Black or African American,666.5,2018-01-01
2018,Women,White,842,2018-01-01
2019,Men,Asian,1333,2019-01-01
2019,Men,Black or African American,798.5,2019-01-01
2019,Men,White,1069,2019-01-01
2019,Women,Asian,991,2019-01-01
2019,Women,Black or African American,719,2019-01-01
2019,Women,White,866,2019-01-01
2020,Men,Asian,1443,2020-01-01
2020,Men,Black or African American,856,2020-01-01
2020,Men,White,1150,2020-01-01
2020,Women,Asian,1115,2020-01-01
2020,Women,Black or African American,776,2020-01-01
2020,Women,White,927,2020-01-01
