date,age,median_weekly_earn
2010-01-01,16 to 19 years,356
2010-04-01,16 to 19 years,346
2010-07-01,16 to 19 years,335
2010-10-01,16 to 19 years,360
2011-01-01,16 to 19 years,360
2011-04-01,16 to 19 years,349
2011-07-01,16 to 19 years,356
2011-10-01,16 to 19 years,346
2012-01-01,16 to 19 years,362
2012-04-01,16 to 19 years,357
2012-07-01,16 to 19 years,347
2012-10-01,16 to 19 years,363
2013-01-01,16 to 19 years,372
2013-04-01,16 to 19 years,362
2013-07-01,16 to 19 years,369
2013-10-01,16 to 19 years,392
2014-01-01,16 to 19 years,395
2014-04-01,16 to 19 years,365
2014-07-01,16 to 19 years,368
2014-10-01,16 to 19 years,387
2015-01-01,16 to 19 years,378
2015-04-01,16 to 19 years,376
2015-07-01,16 to 19 years,387
2015-10-01,16 to 19 years,410
2016-01-01,16 to 19 years,394
2016-04-01,16 to 19 years,404
2016-07-01,16 to 19 years,401
2016-10-01,16 to 19 years,420
2017-01-01,16 to 19 years,426
2017-04-01,16 to 19 years,422
2017-07-01,16 to 19 years,417
2017-10-01,16 to 19 years,448
2018-01-01,16 to 19 years,435
2018-04-01,16 to 19 years,450
2018-07-01,16 to 19 years,437
2018-10-01,16 to 19 years,472
2019-01-01,16 to 19 years,472
2019-04-01,16 to 19 years,460
2019-07-01,16 to 19 years,487
2019-10-01,16 to 19 years,494
2020-01-01,16 to 19 years,477
2020-04-01,16 to 19 years,506
2020-07-01,16 to 19 years,498
2020-10-01,16 to 19 years,503
2010-01-01,20 to 24 years,457
2010-04-01,20 to 24 years,450
2010-07-01,20 to 24 years,446
2010-10-01,20 to 24 years,465
2011-01-01,20 to 24 years,459
2011-04-01,20 to 24 years,451
2011-07-01,20 to 24 years,448
2011-10-01,20 to 24 years,467
2012-01-01,20 to 24 years,463
2012-04-01,20 to 24 years,453
2012-07-01,20 to 24 years,461
2012-10-01,20 to 24 years,476
2013-01-01,20 to 24 years,475
2013-04-01,20 to 24 years,472
2013-07-01,20 to 24 years,454
2013-10-01,20 to 24 years,484
2014-01-01,20 to 24 years,476
2014-04-01,20 to 24 years,483
2014-07-01,20 to 24 years,496
2014-10-01,20 to 24 years,505
2015-01-01,20 to 24 years,493
2015-04-01,20 to 24 years,489
2015-07-01,20 to 24 years,508
2015-10-01,20 to 24 years,513
2016-01-01,20 to 24 years,514
2016-04-01,20 to 24 years,505
2016-07-01,20 to 24 years,510
2016-10-01,20 to 24 years,528
2017-01-01,20 to 24 years,528
2017-04-01,20 to 24 years,525
2017-07-01,20 to 24 years,537
2017-10-01,20 to 24 years,571
2018-01-01,20 to 24 years,576
2018-04-01,20 to 24 years,540
2018-07-01,20 to 24 years,580
2018-10-01,20 to 24 years,594
2019-01-01,20 to 24 years,596
2019-04-01,20 to 24 years,589
2019-07-01,20 to 24 years,592
2019-10-01,20 to 24 years,616
2020-01-01,20 to 24 years,605
2020-04-01,20 to 24 years,640
2020-07-01,20 to 24 years,629
2020-10-01,20 to 24 years,633
2010-01-01,25 to 54 years,778
2010-04-01,25 to 54 years,767
2010-07-01,25 to 54 years,768
2010-10-01,25 to 54 years,778
2011-01-01,25 to 54 years,776
2011-04-01,25 to 54 years,780
2011-07-01,25 to 54 years,785
2011-10-01,25 to 54 years,792
2012-01-01,25 to 54 years,801
2012-04-01,25 to 54 years,810
2012-07-01,25 to 54 years,790
2012-10-01,25 to 54 years,807
2013-01-01,25 to 54 years,816
2013-04-01,25 to 54 years,810
2013-07-01,25 to 54 years,807
2013-10-01,25 to 54 years,815
2014-01-01,25 to 54 years,827
2014-04-01,25 to 54 years,818
2014-07-01,25 to 54 years,822
2014-10-01,25 to 54 years,827
2015-01-01,25 to 54 years,847
2015-04-01,25 to 54 years,835
2015-07-01,25 to 54 years,837
2015-10-01,25 to 54 years,859
2016-01-01,25 to 54 years,859
2016-04-01,25 to 54 years,865
2016-07-01,25 to 54 years,874
2016-10-01,25 to 54 years,884
2017-01-01,25 to 54 years,897
2017-04-01,25 to 54 years,896
2017-07-01,25 to 54 years,890
2017-10-01,25 to 54 years,887
2018-01-01,25 to 54 years,914
2018-04-01,25 to 54 years,907
2018-07-01,25 to 54 years,923
2018-10-01,25 to 54 years,924
2019-01-01,25 to 54 years,942
2019-04-01,25 to 54 years,947
2019-07-01,25 to 54 years,969
2019-10-01,25 to 54 years,973
2020-01-01,25 to 54 years,988
2020-04-01,25 to 54 years,1039
2020-07-01,25 to 54 years,1043
2020-10-01,25 to 54 years,1013
2010-01-01,25 to 34 years,691
2010-04-01,25 to 34 years,675
2010-07-01,25 to 34 years,676
2010-10-01,25 to 34 years,687
2011-01-01,25 to 34 years,683
2011-04-01,25 to 34 years,704
2011-07-01,25 to 34 years,693
2011-10-01,25 to 34 years,687
2012-01-01,25 to 34 years,702
2012-04-01,25 to 34 years,722
2012-07-01,25 to 34 years,689
2012-10-01,25 to 34 years,713
2013-01-01,25 to 34 years,716
2013-04-01,25 to 34 years,706
2013-07-01,25 to 34 years,710
2013-10-01,25 to 34 years,701
2014-01-01,25 to 34 years,727
2014-04-01,25 to 34 years,711
2014-07-01,25 to 34 years,720
2014-10-01,25 to 34 years,743
2015-01-01,25 to 34 years,736
2015-04-01,25 to 34 years,721
2015-07-01,25 to 34 years,739
2015-10-01,25 to 34 years,743
2016-01-01,25 to 34 years,737
2016-04-01,25 to 34 years,753
2016-07-01,25 to 34 years,758
2016-10-01,25 to 34 years,758
2017-01-01,25 to 34 years,778
2017-04-01,25 to 34 years,776
2017-07-01,25 to 34 years,778
2017-10-01,25 to 34 years,762
2018-01-01,25 to 34 years,793
2018-04-01,25 to 34 years,794
2018-07-01,25 to 34 years,820
2018-10-01,25 to 34 years,820
2019-01-01,25 to 34 years,815
2019-04-01,25 to 34 years,837
2019-07-01,25 to 34 years,858
2019-10-01,25 to 34 years,876
2020-01-01,25 to 34 years,872
2020-04-01,25 to 34 years,917
2020-07-01,25 to 34 years,918
2020-10-01,25 to 34 years,909
2010-01-01,35 to 44 years,826
2010-04-01,35 to 44 years,816
2010-07-01,35 to 44 years,814
2010-10-01,35 to 44 years,837
2011-01-01,35 to 44 years,836
2011-04-01,35 to 44 years,837
2011-07-01,35 to 44 years,832
2011-10-01,35 to 44 years,844
2012-01-01,35 to 44 years,855
2012-04-01,35 to 44 years,861
2012-07-01,35 to 44 years,843
2012-10-01,35 to 44 years,873
2013-01-01,35 to 44 years,871
2013-04-01,35 to 44 years,868
2013-07-01,35 to 44 years,870
2013-10-01,35 to 44 years,887
2014-01-01,35 to 44 years,891
2014-04-01,35 to 44 years,875
2014-07-01,35 to 44 years,876
2014-10-01,35 to 44 years,882
2015-01-01,35 to 44 years,893
2015-04-01,35 to 44 years,896
2015-07-01,35 to 44 years,895
2015-10-01,35 to 44 years,914
2016-01-01,35 to 44 years,921
2016-04-01,35 to 44 years,943
2016-07-01,35 to 44 years,921
2016-10-01,35 to 44 years,950
2017-01-01,35 to 44 years,947
2017-04-01,35 to 44 years,976
2017-07-01,35 to 44 years,970
2017-10-01,35 to 44 years,959
2018-01-01,35 to 44 years,986
2018-04-01,35 to 44 years,971
2018-07-01,35 to 44 years,991
2018-10-01,35 to 44 years,996
2019-01-01,35 to 44 years,1033
2019-04-01,35 to 44 years,1022
2019-07-01,35 to 44 years,1039
2019-10-01,35 to 44 years,1047
2020-01-01,35 to 44 years,1081
2020-04-01,35 to 44 years,1134
2020-07-01,35 to 44 years,1129
2020-10-01,35 to 44 years,1078
2010-01-01,45 to 54 years,852
2010-04-01,45 to 54 years,839
2010-07-01,45 to 54 years,841
2010-10-01,45 to 54 years,844
2011-01-01,45 to 54 years,854
2011-04-01,45 to 54 years,859
2011-07-01,45 to 54 years,867
2011-10-01,45 to 54 years,885
2012-01-01,45 to 54 years,880
2012-04-01,45 to 54 years,884
2012-07-01,45 to 54 years,871
2012-10-01,45 to 54 years,877
2013-01-01,45 to 54 years,889
2013-04-01,45 to 54 years,892
2013-07-01,45 to 54 years,870
2013-10-01,45 to 54 years,884
2014-01-01,45 to 54 years,898
2014-04-01,45 to 54 years,903
2014-07-01,45 to 54 years,890
2014-10-01,45 to 54 years,903
2015-01-01,45 to 54 years,930
2015-04-01,45 to 54 years,925
2015-07-01,45 to 54 years,918
2015-10-01,45 to 54 years,920
2016-01-01,45 to 54 years,953
2016-04-01,45 to 54 years,948
2016-07-01,45 to 54 years,955
2016-10-01,45 to 54 years,962
2017-01-01,45 to 54 years,1001
2017-04-01,45 to 54 years,975
2017-07-01,45 to 54 years,953
2017-10-01,45 to 54 years,982
2018-01-01,45 to 54 years,1004
2018-04-01,45 to 54 years,986
2018-07-01,45 to 54 years,1015
2018-10-01,45 to 54 years,1006
2019-01-01,45 to 54 years,1017
2019-04-01,45 to 54 years,1025
2019-07-01,45 to 54 years,1058
2019-10-01,45 to 54 years,1039
2020-01-01,45 to 54 years,1101
2020-04-01,45 to 54 years,1144
2020-07-01,45 to 54 years,1154
2020-10-01,45 to 54 years,1112
2010-01-01,55 to 64 years,866
2010-04-01,55 to 64 years,842
2010-07-01,55 to 64 years,863
2010-10-01,55 to 64 years,872
2011-01-01,55 to 64 years,881
2011-04-01,55 to 64 years,887
2011-07-01,55 to 64 years,867
2011-10-01,55 to 64 years,885
2012-01-01,55 to 64 years,895
2012-04-01,55 to 64 years,897
2012-07-01,55 to 64 years,887
2012-10-01,55 to 64 years,911
2013-01-01,55 to 64 years,891
2013-04-01,55 to 64 years,907
2013-07-01,55 to 64 years,893
2013-10-01,55 to 64 years,923
2014-01-01,55 to 64 years,896
2014-04-01,55 to 64 years,896
2014-07-01,55 to 64 years,928
2014-10-01,55 to 64 years,922
2015-01-01,55 to 64 years,903
2015-04-01,55 to 64 years,925
2015-07-01,55 to 64 years,937
2015-10-01,55 to 64 years,943
2016-01-01,55 to 64 years,975
2016-04-01,55 to 64 years,935
2016-07-01,55 to 64 years,951
2016-10-01,55 to 64 years,954
2017-01-01,55 to 64 years,962
2017-04-01,55 to 64 years,966
2017-07-01,55 to 64 years,987
2017-10-01,55 to 64 years,979
2018-01-01,55 to 64 years,970
2018-04-01,55 to 64 years,993
2018-07-01,55 to 64 years,978
2018-10-01,55 to 64 years,1037
2019-01-01,55 to 64 years,1017
2019-04-01,55 to 64 years,1009
2019-07-01,55 to 64 years,999
2019-10-01,55 to 64 years,1053
2020-01-01,55 to 64 years,1082
2020-04-01,55 to 64 years,1090
2020-07-01,55 to 64 years,1108
2020-10-01,55 to 64 years,1109
2010-01-01,65 years and over,662
2010-04-01,65 years and over,681
2010-07-01,65 years and over,704
2010-10-01,65 years and over,685
2011-01-01,65 years and over,754
2011-04-01,65 years and over,709
2011-07-01,65 years and over,758
2011-10-01,65 years and over,749
2012-01-01,65 years and over,768
2012-04-01,65 years and over,712
2012-07-01,65 years and over,761
2012-10-01,65 years and over,770
2013-01-01,65 years and over,745
2013-04-01,65 years and over,825
2013-07-01,65 years and over,804
2013-10-01,65 years and over,842
2014-01-01,65 years and over,809
2014-04-01,65 years and over,807
2014-07-01,65 years and over,823
2014-10-01,65 years and over,869
2015-01-01,65 years and over,838
2015-04-01,65 years and over,883
2015-07-01,65 years and over,889
2015-10-01,65 years and over,870
2016-01-01,65 years and over,836
2016-04-01,65 years and over,898
2016-07-01,65 years and over,834
2016-10-01,65 years and over,888
2017-01-01,65 years and over,900
2017-04-01,65 years and over,904
2017-07-01,65 years and over,941
2017-10-01,65 years and over,893
2018-01-01,65 years and over,911
2018-04-01,65 years and over,996
2018-07-01,65 years and over,924
2018-10-01,65 years and over,914
2019-01-01,65 years and over,877
2019-04-01,65 years and over,949
2019-07-01,65 years and over,966
2019-10-01,65 years and over,942
2020-01-01,65 years and over,938
2020-04-01,65 years and over,1018
2020-07-01,65 years and over,1006
2020-10-01,65 years and over,1041
